,keyword,count
0,가족,342
1,일,329
2,마음,310
3,엄마,268
4,시간,245
5,추억,237
6,결혼,237
7,해외여행,220
8,생각,193
9,기회,182
10,집,171
11,올해,169
12,남편,160
13,아들,151
14,행복,142
15,부모님,138
16,해외,134
17,감사,132
18,제주,129
19,어머니,124
20,이벤트,124
21,국내,119
22,이번,118
23,사랑,116
24,아내,112
25,사람,112
26,유럽,110
27,축하,110
28,계획,109
29,작년,109
30,일상,107
31,아이,106
32,아이들,103
33,동안,101
34,딸,100
35,삶,95
36,한번,93
37,당첨,91
38,선물,91
39,가족들,89
40,휴가,89
41,생활,89
42,환갑,89
43,자유,88
44,지금,80
45,상황,79
46,시작,79
47,예약,79
48,내년,78
49,부부,78
50,친구,77
51,아버지,77
52,하루,77
53,꿈,77
54,몸,76
55,힐링,75
56,호텔,74
57,그동안,73
58,기념,72
59,첫,72
60,고생,71
61,여행사,67
62,어디,66
63,종식,65
64,준비,65
65,아빠,65
66,가지,64
67,비행기,64
68,진심,63
69,기억,62
70,마지막,61
71,신혼여행,60
72,답답,60
73,건강,59
74,친구들,59
75,약속,59
76,그때,59
77,취소,59
78,백신,58
79,예전,57
80,창립,56
81,여행가,53
82,회사,53
83,신청,52
84,이후,51
85,여름,51
86,모습,51
87,차,51
88,제주도,51
89,나이,51
90,세상,50
91,정도,50
92,화이팅,50
93,언니,48
94,직장,48
95,여행지,47
96,인생,47
97,힘,46
98,그날,46
99,희망,45
100,이용,45
101,맞이,44
102,누구,44
103,우울,44
104,개월,43
105,패키지,43
106,안녕,43
107,접종,42
108,휴식,40
109,처음,40
110,칠순,40
111,여유,40
112,달,40
113,베트남,40
114,스트레스,39
115,생일,39
116,기분,38
117,사진,38
118,하나,38
119,시국,36
120,퇴직,36
121,수술,36
122,가슴,35
123,근무,35
124,호캉스,35
125,요즘,35
126,동생,35
127,이젠,34
128,미안,33
129,바다,33
130,계획하,33
131,조금,33
132,평생,32
133,가족여행,32
134,모두,32
135,신랑,32
136,시절,32
137,힐링하,31
138,세계,31
139,억,31
140,필요,31
141,가을,31
142,얼마,31
143,대학,31
144,가이드,31
145,간절,30
146,소중,30
147,걱정,30
148,박,30
149,동유럽,30
150,스페,30
151,병원,29
152,눈,29
153,기원,29
154,이야기,29
155,마스크,29
156,공부,29
157,명,29
158,극복,28
159,사연,28
160,길,28
161,미국,28
162,시대,28
163,다음,28
164,뒤,28
165,와이프,27
166,취업,27
167,응원,27
168,친정,27
169,상품,27
170,발,26
171,사람들,26
172,끝,26
173,자연,25
174,현실,25
175,세월,25
176,괌,25
177,완료,25
178,우울증,25
179,회복,25
180,일본,25
181,사태,24
182,사이판,24
183,미,24
184,이유,24
185,둘째,24
186,터키,24
187,뜻,23
188,학교,23
189,주,23
190,다들,23
191,이전,22
192,언제,22
193,하늘,22
194,순간,22
195,행운,22
196,애,22
197,덕분,21
198,행,21
199,돈,21
200,오늘,21
201,여자친구,21
202,하루하루,21
203,연세,21
204,치료,20
205,결혼기념일,20
206,경제적,20
207,기간,20
208,경험,20
209,추석,20
210,식구,20
211,가능,20
212,졸업,20
213,평범,20
214,방역,19
215,기념일,19
216,도움,19
217,즐거움,19
218,지역,19
219,결혼식,19
220,노력,19
221,진짜,19
222,속상,19
223,연애,19
224,번창,19
225,자신,19
226,병,19
227,최고,19
228,발전,19
229,구경,18
230,손,18
231,소통,18
232,아기,18
233,한국,18
234,눈물,18
235,터,18
236,언제쯤,18
237,자리,18
238,되길,18
239,팔순,18
240,인연,18
241,만족,17
242,콕,17
243,이상,17
244,이탈리아,17
245,정보,17
246,다,17
247,숙박권,17
248,만큼,17
249,참여,17
250,직전,17
251,출발,17
252,육아,17
253,사이,17
254,다리,17
255,자식들,16
256,옆,16
257,시험,16
258,반,16
259,상상,16
260,어디론,16
261,자식,16
262,무산,16
263,은,16
264,고향,16
265,부터,16
266,고민,16
267,공항,16
268,효도,16
269,후회,16
270,둘이,16
271,용기,16
272,소망,16
273,상태,16
274,장애,16
275,코로나로,16
276,나라,16
277,외국,16
278,남자친구,16
279,싶,16
280,호주,16
281,묵,16
282,중국,16
283,갱년기,16
284,개,15
285,유럽여행,15
286,안전,15
287,음식,15
288,프랑스,15
289,자유로운,15
290,아쉬움,15
291,오랜만,15
292,시간들,15
293,특별,15
294,동남아,15
295,우리나라,15
296,학년,15
297,반복,15
298,정년,15
299,오길,15
300,기대,15
301,할머니,15
302,자기,15
303,운영,15
304,어머님,15
305,으,15
306,수능,15
307,거리두,14
308,부산,14
309,집안,14
310,소식,14
311,모,14
312,추천,14
313,쪽,14
314,위로,14
315,얼굴,14
316,충전,14
317,혼자,14
318,스위스,14
319,서로,14
320,관계,14
321,밥,14
322,주말,14
323,자,14
324,포기,14
325,딸아이,14
326,다낭,14
327,문제,13
328,네요,13
329,결과,13
330,일주,13
331,태국,13
332,방문,13
333,안,13
334,풍경,13
335,비,13
336,뉴질랜드,13
337,편안,13
338,친절,13
339,셋,13
340,직장생활,13
341,그것,13
342,코로나땜,13
343,텐데,13
344,발생,13
345,둘만,13
346,간호,13
347,국,13
348,구,13
349,정신,13
350,소원,13
351,가게,13
352,서울,12
353,형편,12
354,날들,12
355,죠,12
356,숙소,12
357,식구들,12
358,입,12
359,신,12
360,확산,12
361,가득,12
362,공간,12
363,서유럽,12
364,여파,12
365,간직,12
366,맛,12
367,숙박,12
368,다운,12
369,북유럽,12
370,문,12
371,부모,12
372,크로아티아,12
373,당,12
374,의미,12
375,자녀,12
376,나들이,12
377,대학생,12
378,임신,12
379,네,12
380,본인,12
381,현재,12
382,이별,12
383,운동,12
384,심신,12
385,웃음,11
386,올립니,11
387,핑계,11
388,당신,11
389,머리,11
390,여년,11
391,세부,11
392,미래,11
393,대화,11
394,식사,11
395,재충전,11
396,할아버지,11
397,따뜻한,11
398,바람,11
399,탓,11
400,말씀,11
401,일정,11
402,무료,11
403,사용,11
404,빛,11
405,공무원,11
406,국민들,11
407,진정,11
408,활력,11
409,합격,11
410,간,11
411,가정,11
412,제,11
413,회,11
414,여행길,11
415,마,11
416,주변,11
417,노,11
418,치매,11
419,여행상품,11
420,보,11
421,투병,11
422,탈출,11
423,장,11
424,직원,11
425,활동,11
426,년차,11
427,치유,11
428,첫째,11
429,긍정적,10
430,수칙,10
431,당시,10
432,화,10
433,만끽,10
434,시원,10
435,외,10
436,거리,10
437,연,10
438,원,10
439,니다,10
440,소개,10
441,용,10
442,오붓,10
443,실직,10
444,것들,10
445,쌍둥이,10
446,사회,10
447,방콕,10
448,적금,10
449,홈쇼핑,10
450,너,10
451,입원,10
452,호캉스라,10
453,군대,10
454,입대,10
455,여행업계,10
456,장거리,10
457,중반,10
458,오,10
459,부탁,10
460,계기,10
461,발리,10
462,진행,10
463,모녀,10
464,은퇴,9
465,식당,9
466,쁜,9
467,쁨,9
468,시밀란,9
469,약,9
470,남자,9
471,리스트,9
472,겨울,9
473,오랫동안,9
474,남매,9
475,분전환,9
476,밤,9
477,상처,9
478,머님,9
479,감정,9
480,여기,9
481,여러분,9
482,바이러스,9
483,신혼,9
484,부담,9
485,방,9
486,평소,9
487,예정,9
488,코시국,9
489,책,9
490,차례,9
491,단계,9
492,출산,9
493,노랑풍,9
494,요양병원,9
495,어려움,9
496,사업,9
497,면,9
498,위안,9
499,에너지,9
500,환경,9
501,격려,9
502,장사,9
503,표,9
504,큰아들,9
505,방학,9
506,전화,8
507,산,8
508,며칠,8
509,통제,8
510,자랑,8
511,버킷,8
512,곁,8
513,켄싱턴,8
514,설악,8
515,강원,8
516,버블,8
517,날씨,8
518,출근,8
519,캠핑,8
520,관심,8
521,성인,8
522,조금씩,8
523,창,8
524,아침,8
525,얘,8
526,맞벌이,8
527,기약,8
528,저렴한,8
529,다행,8
530,정,8
531,조심,8
532,나중,8
533,사춘기,8
534,막내,8
535,실망,8
536,학생,8
537,애용,8
538,날짜,8
539,젠,8
540,성공,8
541,그간,8
542,공기,8
543,응모합니다,8
544,노모,8
545,입학,8
546,뒷바라지,8
547,블루,8
548,경비,8
549,예비,8
550,재미,8
551,갑작,8
552,커녕,8
553,여동생,8
554,발목,8
555,각자,8
556,싱가포르,8
557,귀사,8
558,국민,8
559,허락,8
560,동반자,8
561,생,8
562,손녀,8
563,ㅜ,8
564,회갑,8
565,나날,8
566,우,8
567,스페인,8
568,현지,8
569,보질,8
570,무,8
571,자매,8
572,집콕,7
573,방법,7
574,필리핀,7
575,프로그램,7
576,낭만,7
577,감동,7
578,배,7
579,유명,7
580,조카,7
581,곳곳,7
582,시설,7
583,소중한,7
584,자전거,7
585,여의치,7
586,트래블,7
587,표현,7
588,드,7
589,도시,7
590,강,7
591,느낌,7
592,유익,7
593,단어,7
594,청춘,7
595,마련,7
596,희생,7
597,대한민국,7
598,확진자,7
599,뭔가,7
600,양,7
601,절,7
602,연휴,7
603,태교,7
604,기대감,7
605,예상,7
606,혜택,7
607,수업,7
608,조용한,7
609,입사,7
610,자유여행,7
611,헌신,7
612,격리,7
613,환,7
614,치,7
615,이름,7
616,서운,7
617,남깁니,7
618,정신적,7
619,거기,7
620,이럴,7
621,지난해,7
622,고마움,7
623,여행업,7
624,편,7
625,초등학교,7
626,퇴원,7
627,자영업자,7
628,종,7
629,면회,7
630,아무것,7
631,예방접종,7
632,도전,7
633,만한,7
634,죄송,7
635,입국,7
636,계속,7
637,온라인,7
638,히,7
639,실감,7
640,거예요,7
641,외출,7
642,응모,7
643,무궁한,7
644,식,7
645,남미,7
646,형,7
647,집사람,7
648,포,7
649,커플,7
650,마무리,7
651,모두들,7
652,항공권,7
653,있길,7
654,아버님,7
655,무릎,7
656,고대,7
657,그곳,7
658,번창하시,7
659,며느리,7
660,포르투갈,7
661,보라카,7
662,램,7
663,귀국,7
664,혼자만,7
665,계절,7
666,당첨되서,7
667,발견,6
668,중이,6
669,중학생,6
670,다양,6
671,호,6
672,푸켓,6
673,연인,6
674,미소,6
675,가격,6
676,혼,6
677,강릉,6
678,상,6
679,지원,6
680,변화,6
681,경우,6
682,무엇,6
683,비용,6
684,고통,6
685,광고,6
686,애인,6
687,선택,6
688,그녀,6
689,축제,6
690,내일,6
691,장기화,6
692,랑,6
693,자격증,6
694,배우자,6
695,눈치,6
696,구요,6
697,다짐,6
698,새벽,6
699,향,6
700,복,6
701,동네,6
702,열리,6
703,저렴,6
704,부족,6
705,판정,6
706,응모해,6
707,만원,6
708,하늘길,6
709,독,6
710,쓸쓸,6
711,고등학교,6
712,근데,6
713,처,6
714,동,6
715,간호사,6
716,선,6
717,랑풍선,6
718,실패,6
719,나름,6
720,인사,6
721,내색,6
722,그리스,6
723,마다,6
724,사이트,6
725,항공,6
726,보상,6
727,사정,6
728,중학교,6
729,고객들,6
730,크루즈,6
731,시험관,6
732,재작년,6
733,연락,6
734,처럼,6
735,자친구,6
736,구매,6
737,활력소,6
738,엄두,6
739,오로라,6
740,팬데믹,6
741,리조트,6
742,쯤,6
743,인터넷,6
744,준비해,6
745,새,6
746,바램,6
747,행사,6
748,주부,6
749,노후,6
750,인도,6
751,세계여행,6
752,비롯,6
753,귀,6
754,장모님,6
755,정년퇴직,6
756,월말,6
757,형님,6
758,홧팅,6
759,생신,6
760,펜데믹,6
761,화이팅입니다,6
762,지방,6
763,이것,6
764,정리,6
765,허리,6
766,손자,6
767,하길,6
768,맨날,5
769,피로,5
770,걸,5
771,최근,5
772,때쯤,5
773,근처,5
774,설계,5
775,파리,5
776,궁금,5
777,깨끗,5
778,선사,5
779,포인트,5
780,참석,5
781,중단,5
782,엊그제,5
783,카메라,5
784,장소,5
785,마음속,5
786,추억여행,5
787,든든,5
788,아름다움,5
789,천,5
790,다가,5
791,퇴사,5
792,현장,5
793,버스,5
794,목적,5
795,업무,5
796,한마디,5
797,그리움,5
798,합,5
799,있,5
800,후반,5
801,톡,5
802,피,5
803,가치,5
804,체,5
805,조,5
806,이용해서,5
807,소중함,5
808,만기,5
809,연말,5
810,연로,5
811,종식되서,5
812,방송,5
813,그전,5
814,취준생,5
815,선물해,5
816,돌,5
817,안하,5
818,재개,5
819,방역수칙,5
820,가이드님,5
821,제공,5
822,녀석,5
823,방황,5
824,여건,5
825,놈,5
826,학,5
827,마주,5
828,잔소리,5
829,가장,5
830,배낭,5
831,체험,5
832,시점,5
833,손주,5
834,ㅋ,5
835,홈페이지,5
836,쁘,5
837,연속,5
838,시술,5
839,대부분,5
840,전역,5
841,금지,5
842,계약,5
843,꽃,5
844,티켓,5
845,지구,5
846,정지,5
847,이곳저곳,5
848,인,5
849,하와이,5
850,제약,5
851,중간,5
852,선생님,5
853,채,5
854,질,5
855,임직원,5
856,막,5
857,즈음,5
858,모릅니,5
859,정부,5
860,진단,5
861,직원들,5
862,지하,5
863,힐링할,5
864,강아지,5
865,개국,5
866,과,5
867,연기,5
868,있읍니다,5
869,명절,5
870,대학교,5
871,수학,5
872,새삼,5
873,학기,5
874,사실,5
875,전국,5
876,훨,5
877,거동,5
878,투,5
879,아이슬란드,5
880,운,5
881,검색,5
882,부인,5
883,렵니,5
884,끼,5
885,ㅡ,5
886,생애,5
887,이동,5
888,캐나다,5
889,두아들,5
890,국가,5
891,싶읍니다,5
892,재활,5
893,심,5
894,인천공항,5
895,완치,5
896,요양원,5
897,문자,5
898,추진,5
899,의욕,5
900,온천,5
901,이태,5
902,전환,5
903,초반,5
904,코스,5
905,신부,5
906,자체,4
907,콧바람,4
908,외식,4
909,집안일,4
910,성격,4
911,동생들,4
912,홍콩,4
913,탈피,4
914,루,4
915,커피,4
916,잔,4
917,점,4
918,자제,4
919,인기,4
920,그랜드,4
921,욕심,4
922,찰나,4
923,앨범,4
924,동심,4
925,공원,4
926,심정,4
927,보고픈,4
928,효,4
929,다독,4
930,달콤한,4
931,옷,4
932,통화,4
933,저녁,4
934,택배,4
935,아르바이트,4
936,낮,4
937,트럭,4
938,열,4
939,지루,4
940,오롯,4
941,시간적,4
942,향기,4
943,상담,4
944,재혼,4
945,이곳,4
946,막내딸,4
947,부족한,4
948,능력,4
949,자신감,4
950,문화,4
951,코타키나발루,4
952,역경,4
953,의료진,4
954,사회적,4
955,머지,4
956,해방,4
957,물가물,4
958,강원도,4
959,세계적,4
960,며,4
961,홀,4
962,신혼부부,4
963,델타,4
964,숙박비,4
965,차량,4
966,급,4
967,수험생,4
968,오빠,4
969,국내여행,4
970,기저귀,4
971,예매,4
972,치료제,4
973,리저리,4
974,경치,4
975,잠,4
976,정말,4
977,어딘가,4
978,바닷가,4
979,어학연수,4
980,한라산,4
981,십,4
982,아이들이,4
983,포루투갈,4
984,영화,4
985,격상,4
986,불행,4
987,자녀들,4
988,조촐,4
989,휴양지,4
990,예,4
991,성장,4
992,이탈리아어,4
993,추억들,4
994,선선,4
995,대답,4
996,메,4
997,일탈,4
998,무기력,4
999,하늘나라,4
1000,수학여행,4
1001,제외,4
1002,페키지,4
1003,중요,4
1004,뇌경색,4
1005,일상생활,4
1006,했,4
1007,충격,4
1008,취업준비,4
1009,취직,4
1010,제대,4
1011,검사,4
1012,기획,4
1013,회원,4
1014,가입,4
1015,퇴,4
1016,물론,4
1017,로또,4
1018,층,4
1019,신경,4
1020,직업,4
1021,불안,4
1022,욕,4
1023,월초,4
1024,북부,4
1025,일흔,4
1026,경기,4
1027,진도,4
1028,계,4
1029,가족들이,4
1030,동해,4
1031,불편한,4
1032,학원,4
1033,보홀,4
1034,긍정,4
1035,실수,4
1036,영향,4
1037,옛날,4
1038,서너,4
1039,일행들,4
1040,위드,4
1041,숲,4
1042,아메리카노,4
1043,회상,4
1044,월달,4
1045,조식,4
1046,아프,4
1047,가성비,4
1048,끝나길,4
1049,팬더믹,4
1050,완전,4
1051,여행간,4
1052,마치,4
1053,종식되기만,4
1054,손가락,4
1055,체력,4
1056,여행이,4
1057,아무데도,4
1058,화창,4
1059,충,4
1060,원망,4
1061,경주,4
1062,물거품,4
1063,우울감,4
1064,성실,4
1065,일한,4
1066,타격,4
1067,아들들,4
1068,금년,4
1069,ㅋㅋ,4
1070,불구,4
1071,항암,4
1072,죄송한,4
1073,승승장구,4
1074,백령도,4
1075,두려움,4
1076,특성상,4
1077,사치,4
1078,소홀,4
1079,자유로,4
1080,티비,4
1081,될까봐,4
1082,서부,4
1083,착용,4
1084,번창하시길,4
1085,일날,4
1086,놀러가,4
1087,지인,4
1088,즐,4
1089,ㅠㅠㅠ,4
1090,증가,4
1091,댁,4
1092,관리,4
1093,되시길,4
1094,모임,4
1095,직후,4
1096,역사,4
1097,당첨되,4
1098,완화,4
1099,하시길,4
1100,짓,4
1101,응급실,4
1102,폐업,4
1103,장기간,4
1104,아가,4
1105,셋이,4
1106,어요,4
1107,싱가폴,4
1108,이혼,4
1109,마인드,4
1110,불,4
1111,초록,4
1112,잠잠,4
1113,하드,4
1114,팔순잔치,4
1115,강의,4
1116,독박육아,4
1117,니,4
1118,싶내요,4
1119,다섯,4
1120,환자들,4
1121,자영업,4
1122,군,4
1123,동부,4
1124,와이프에,4
1125,오픈,4
1126,분명,4
1127,파이팅,4
1128,그해,4
1129,취미,4
1130,아련,4
1131,소상공,4
1132,구성,4
1133,신행,4
1134,생각해,3
1135,년생,3
1136,종사하시,3
1137,소,3
1138,생계,3
1139,울엄마,3
1140,한구석,3
1141,아말,3
1142,피해변,3
1143,뭔지,3
1144,원동력,3
1145,로망,3
1146,크리스마스,3
1147,밀,3
1148,투어,3
1149,출입,3
1150,외부,3
1151,개발,3
1152,산호,3
1153,다이빙,3
1154,수영,3
1155,블로그,3
1156,딜레마,3
1157,이해,3
1158,순,3
1159,다같,3
1160,실력,3
1161,파,3
1162,정성,3
1163,나무,3
1164,매일매일,3
1165,냄새,3
1166,싶네용,3
1167,죄,3
1168,중년,3
1169,으쌰,3
1170,목소리,3
1171,켠,3
1172,다람쥐,3
1173,아웃도어,3
1174,낚시,3
1175,매력,3
1176,힐링하러,3
1177,애정,3
1178,확신,3
1179,기대할게요,3
1180,아이러니하,3
1181,비대,3
1182,채널,3
1183,반대,3
1184,진정한,3
1185,거구,3
1186,동료,3
1187,매력적,3
1188,싶은데요,3
1189,색,3
1190,소식들,3
1191,분위기,3
1192,의료진들,3
1193,세계일주,3
1194,실천,3
1195,근교,3
1196,바퀴,3
1197,응모하,3
1198,적응,3
1199,부분,3
1200,볼려,3
1201,마디,3
1202,어린이집,3
1203,언어,3
1204,사장님,3
1205,천사,3
1206,초등학생,3
1207,많,3
1208,순위,3
1209,제도,3
1210,시행,3
1211,이직,3
1212,포트폴리오,3
1213,홍보,3
1214,시골,3
1215,자매들,3
1216,돌잔치,3
1217,등반,3
1218,당연,3
1219,어른,3
1220,봉사,3
1221,권,3
1222,리프레쉬,3
1223,안전한,3
1224,답답함,3
1225,창궐,3
1226,큽니,3
1227,우정,3
1228,무리,3
1229,푸꾸옥,3
1230,막학기,3
1231,지중해,3
1232,소설,3
1233,건조,3
1234,조용,3
1235,유람선,3
1236,울릉,3
1237,해운대,3
1238,대전,3
1239,당일치기,3
1240,복무,3
1241,관광,3
1242,나이드,3
1243,마리아,3
1244,교수님,3
1245,염려,3
1246,와중,3
1247,탈출구,3
1248,입맛,3
1249,유쾌,3
1250,비슷,3
1251,현상,3
1252,기미,3
1253,덤,3
1254,큰맘,3
1255,베트,3
1256,내용,3
1257,주세요,3
1258,선정,3
1259,전부,3
1260,익숙,3
1261,여름방학,3
1262,회식,3
1263,여행업체,3
1264,덕,3
1265,전주,3
1266,여자,3
1267,불가능,3
1268,왕복,3
1269,ㅎㅎㅎ,3
1270,첨,3
1271,눈빛,3
1272,결혼생활,3
1273,병동,3
1274,어르신들,3
1275,긴장,3
1276,치열,3
1277,환자,3
1278,흘렀,3
1279,유산,3
1280,사시,3
1281,장애인,3
1282,결정,3
1283,최선,3
1284,정규직,3
1285,빚,3
1286,절망,3
1287,미안해,3
1288,칭구,3
1289,겁,3
1290,도착,3
1291,흥분,3
1292,백,3
1293,해소,3
1294,국내외,3
1295,병마,3
1296,호전,3
1297,경찰,3
1298,시집,3
1299,북,3
1300,무더위,3
1301,찌,3
1302,마트,3
1303,교통사고,3
1304,바닥,3
1305,좌절,3
1306,동의,3
1307,제한,3
1308,생각지도,3
1309,지속,3
1310,동반,3
1311,런지,3
1312,사진첩,3
1313,숨통,3
1314,초년생,3
1315,너머,3
1316,배경,3
1317,노랑색,3
1318,월급,3
1319,맘,3
1320,입시,3
1321,건강검진,3
1322,사회복지사,3
1323,소규모,3
1324,전염병,3
1325,주어지길,3
1326,가운데,3
1327,가방,3
1328,우연,3
1329,동기,3
1330,통보,3
1331,정상화,3
1332,다니길,3
1333,같,3
1334,명예퇴직,3
1335,시댁,3
1336,인천,3
1337,년도,3
1338,발칸반도,3
1339,안정,3
1340,질병,3
1341,잠깐,3
1342,축복,3
1343,절실,3
1344,내미,3
1345,돌아오길,3
1346,학수고대,3
1347,알뜰,3
1348,실속,3
1349,그땐,3
1350,결혼기념,3
1351,큰딸,3
1352,설악산,3
1353,단조로운,3
1354,모친,3
1355,부친,3
1356,허전,3
1357,재,3
1358,서른,3
1359,전념,3
1360,생활비,3
1361,신뢰,3
1362,공직생활,3
1363,애락,3
1364,죽,3
1365,어깨,3
1366,요번,3
1367,지난날,3
1368,모양,3
1369,활,3
1370,찾아뵙지,3
1371,전면,3
1372,하구요,3
1373,실정,3
1374,보름,3
1375,역할,3
1376,바깥,3
1377,기업,3
1378,번창하길,3
1379,철,3
1380,언젠간,3
1381,거란,3
1382,빠듯,3
1383,어딜,3
1384,않,3
1385,저편,3
1386,발칸,3
1387,잎,3
1388,으로,3
1389,블라디보스톡,3
1390,마흔,3
1391,신혼여행지,3
1392,구석,3
1393,가길,3
1394,사,3
1395,공주님,3
1396,테,3
1397,공사,3
1398,솔직,3
1399,이틀,3
1400,로나,3
1401,감옥살이,3
1402,친정어머니,3
1403,남동생,3
1404,형제,3
1405,손주들,3
1406,격,3
1407,조카들,3
1408,풍광,3
1409,이집트,3
1410,어가,3
1411,경제,3
1412,팅,3
1413,각국,3
1414,자축,3
1415,여행사들,3
1416,처리,3
1417,감염,3
1418,엉망,3
1419,아프리카,3
1420,거주,3
1421,딸래미,3
1422,손녀들,3
1423,마니아,3
1424,무언가,3
1425,다면,3
1426,창살,3
1427,건강관리,3
1428,사고,3
1429,야행,3
1430,스타벅스,3
1431,힐링되,3
1432,동행,3
1433,종식되,3
1434,여생,3
1435,실행,3
1436,소박,3
1437,희망해,3
1438,낙,3
1439,목적지,3
1440,학원비,3
1441,지루한,3
1442,한국의,3
1443,노래,3
1444,재택,3
1445,허무,3
1446,한동안,3
1447,서비스,3
1448,멍,3
1449,잘못,3
1450,통증,3
1451,캄보디아,3
1452,답답한,3
1453,재밌,3
1454,다음날,3
1455,권태,3
1456,완벽,3
1457,소소한,3
1458,행복감,3
1459,러시아,3
1460,코로나로부터,3
1461,남친,3
1462,기분전환,3
1463,친정엄마,3
1464,근속,3
1465,폭포,3
1466,담당자,3
1467,좋겟어요,3
1468,재택근무,3
1469,지경,3
1470,관련,3
1471,어제,3
1472,교사,3
1473,힘듭니,3
1474,코앞,3
1475,매일,3
1476,계곡,3
1477,언능,3
1478,무한,3
1479,가우디,3
1480,성당,3
1481,히말라야,3
1482,부모님들,3
1483,여름휴가,3
1484,유방암,3
1485,씨름,3
1486,다둥,3
1487,어디론가,3
1488,종료,3
1489,계획도,3
1490,고개,3
1491,골절,3
1492,아픕니,3
1493,도쿄,3
1494,감사합니,3
1495,노인,3
1496,나이들기,3
1497,홀가분,3
1498,소리,3
1499,고생하시,3
1500,주위,3
1501,손님,3
1502,카톡,3
1503,할게요,3
1504,본,3
1505,야외,3
1506,음,3
1507,올림픽,3
1508,검진,2
1509,위암,2
1510,관광지,2
1511,근사,2
1512,애틋,2
1513,드라이브,2
1514,이것저것,2
1515,식당일,2
1516,약간,2
1517,확행,2
1518,사망,2
1519,등산,2
1520,콘크리트,2
1521,종결,2
1522,고등학생,2
1523,존재,2
1524,각박,2
1525,쩔,2
1526,름,2
1527,럭셔리,2
1528,스,2
1529,책자,2
1530,동경,2
1531,해변,2
1532,니스,2
1533,명소들,2
1534,아기자기한,2
1535,가옥,2
1536,제일,2
1537,마켓,2
1538,색깔,2
1539,보트,2
1540,바닷바람,2
1541,심장,2
1542,보존,2
1543,장관,2
1544,아래,2
1545,동굴,2
1546,스노클링,2
1547,스쿠버,2
1548,스킨스쿠버,2
1549,위주,2
1550,이민,2
1551,캐니언,2
1552,황홀,2
1553,감탄,2
1554,금치,2
1555,기장,2
1556,닥,2
1557,감성,2
1558,집중,2
1559,묘미,2
1560,사진만,2
1561,주름,2
1562,한숨,2
1563,칠순여행,2
1564,제주여행,2
1565,인테리,2
1566,박이,2
1567,건물,2
1568,유리창,2
1569,힐,2
1570,링,2
1571,두발자전거,2
1572,고고싱,2
1573,천원,2
1574,연날리,2
1575,시간쯤,2
1576,국민학교,2
1577,짱,2
1578,자파,2
1579,바늘,2
1580,침발라가,2
1581,포말,2
1582,너울대,2
1583,하이얀,2
1584,조개껍데기,2
1585,풍부,2
1586,만만치,2
1587,신혼생활,2
1588,상기,2
1589,잊혀지질,2
1590,더위,2
1591,퇴근,2
1592,짤렸다,2
1593,야간,2
1594,무국수,2
1595,앞날,2
1596,틀,2
1597,쳇바퀴,2
1598,달콤,2
1599,파노라마,2
1600,페이지,2
1601,공유,2
1602,쉼표,2
1603,예민한,2
1604,풍성,2
1605,기운,2
1606,집콕생활,2
1607,그닥,2
1608,콘텐츠,2
1609,여행가본,2
1610,잘다녀,2
1611,밤낮,2
1612,늦깎,2
1613,청춘들,2
1614,풋풋,2
1615,모습들,2
1616,피곤,2
1617,물,2
1618,베네치아,2
1619,수상,2
1620,받으시길,2
1621,러,2
1622,몰디브,2
1623,정복,2
1624,일반,2
1625,뉴욕,2
1626,이겨내자구요,2
1627,자원봉사자분,2
1628,염원,2
1629,대응,2
1630,백일,2
1631,무렵,2
1632,매출,2
1633,진학,2
1634,행복한,2
1635,기점,2
1636,저희들,2
1637,위협,2
1638,변,2
1639,직,2
1640,위드코로,2
1641,실직자,2
1642,여권,2
1643,펜더믹,2
1644,연말연시,2
1645,불꽃,2
1646,상관,2
1647,취,2
1648,무너,2
1649,자극,2
1650,그래서,2
1651,편의점,2
1652,권유,2
1653,경계,2
1654,재취업,2
1655,영부영,2
1656,당일,2
1657,최소한,2
1658,긋지긋한,2
1659,삼남매,2
1660,캔슬되,2
1661,빼곡하,2
1662,인상적,2
1663,오랬,2
1664,실망감,2
1665,대재앙,2
1666,완성,2
1667,모니터,2
1668,아무곳,2
1669,학업,2
1670,전립선암,2
1671,오래되서,2
1672,평화로운,2
1673,미혼,2
1674,신입,2
1675,장기,2
1676,수다,2
1677,누리,2
1678,사랑해,2
1679,허니문,2
1680,성,2
1681,준수,2
1682,인고,2
1683,유학,2
1684,독일,2
1685,영상,2
1686,빵,2
1687,축하해,2
1688,사법고시,2
1689,여행비,2
1690,꿈이,2
1691,기억되,2
1692,지구촌,2
1693,이십,2
1694,근래,2
1695,작정,2
1696,수첩,2
1697,반찬,2
1698,보답,2
1699,파도,2
1700,풍성한,2
1701,두아이,2
1702,문명,2
1703,먹방,2
1704,왕가,2
1705,자산,2
1706,저금,2
1707,무력감,2
1708,나이듦,2
1709,만족감,2
1710,막막,2
1711,군데,2
1712,보라카이로,2
1713,성심성의껏,2
1714,었는데,2
1715,산토,2
1716,뿌듯,2
1717,ㅋㅋㅋ,2
1718,알츠하이머,2
1719,그늘,2
1720,행기,2
1721,보호자,2
1722,아시아권,2
1723,정년퇴임,2
1724,반쪽,2
1725,의정부,2
1726,미녀,2
1727,바보,2
1728,조아하,2
1729,두해,2
1730,케어,2
1731,교대,2
1732,보람,2
1733,군인,2
1734,훈련,2
1735,사라지길,2
1736,항공사,2
1737,운항,2
1738,진,2
1739,불확실,2
1740,자격,2
1741,담,2
1742,식도락,2
1743,칭,2
1744,밭,2
1745,청년,2
1746,가즈아,2
1747,동창들,2
1748,행동,2
1749,개선,2
1750,보류,2
1751,병행,2
1752,남부,2
1753,강제,2
1754,융프라우,2
1755,미테,2
1756,백야,2
1757,노르웨,2
1758,프로,2
1759,유튜브,2
1760,상생활,2
1761,슝슝,2
1762,관광업계,2
1763,피해,2
1764,내수,2
1765,견문,2
1766,예방,2
1767,산소,2
1768,수험생활,2
1769,타,2
1770,힌,2
1771,오질,2
1772,위축,2
1773,한순간,2
1774,믿음,2
1775,어둠,2
1776,터널,2
1777,현실적,2
1778,한계,2
1779,자연환경,2
1780,후반기,2
1781,돌파구,2
1782,코르,2
1783,돌핀,2
1784,스노쿨링,2
1785,쇼핑,2
1786,누군가,2
1787,파티,2
1788,당황,2
1789,칭찬,2
1790,인원,2
1791,어찌,2
1792,급성,2
1793,참가,2
1794,횟수,2
1795,주장,2
1796,각시,2
1797,마을,2
1798,대중반,2
1799,끝자락,2
1800,튼튼,2
1801,해외여행가,2
1802,여러분들,2
1803,상실,2
1804,한시,2
1805,탈,2
1806,떠나고픈,2
1807,중요한지,2
1808,아무,2
1809,그후,2
1810,증정,2
1811,수입,2
1812,뜬금,2
1813,과거,2
1814,용돈,2
1815,상황들,2
1816,방해,2
1817,의견,2
1818,부탁드,2
1819,취약,2
1820,매년,2
1821,돌싱,2
1822,자친구가,2
1823,펜션,2
1824,가구,2
1825,축하드리구,2
1826,갑,2
1827,점심시간,2
1828,고대해,2
1829,땜시,2
1830,태항산,2
1831,포함,2
1832,발표,2
1833,주방,2
1834,팔,2
1835,장마,2
1836,친척,2
1837,다닐려,2
1838,저제,2
1839,려,2
1840,둘리,2
1841,누굴,2
1842,차박,2
1843,창피,2
1844,와이프랑,2
1845,살뜰,2
1846,넉넉,2
1847,동해안,2
1848,통,2
1849,서러움,2
1850,틈,2
1851,평상시,2
1852,장애아,2
1853,결,2
1854,라가,2
1855,삼십년,2
1856,자녀들이,2
1857,자취,2
1858,대회,2
1859,고비,2
1860,스타,2
1861,팩키지,2
1862,인간들,2
1863,거품,2
1864,창사,2
1865,뼈,2
1866,손실,2
1867,상품권,2
1868,염치,2
1869,의지,2
1870,가능한,2
1871,매진,2
1872,친구들이,2
1873,실현,2
1874,방영,2
1875,기력,2
1876,탑승,2
1877,효과,2
1878,재수,2
1879,오십,2
1880,창립일,2
1881,출국,2
1882,푸꿕,2
1883,힘드,2
1884,국제,2
1885,편인데요,2
1886,만족한,2
1887,덧,2
1888,차이,2
1889,전환점,2
1890,되었답니,2
1891,일생,2
1892,단비,2
1893,오징어,2
1894,테마,2
1895,꿈꾸,2
1896,솔,2
1897,환상적,2
1898,기적적,2
1899,였고,2
1900,꿈꿉니,2
1901,에메랄드빛,2
1902,슝,2
1903,운행,2
1904,힐링여행,2
1905,공직,2
1906,부부동반,2
1907,해약,2
1908,천국,2
1909,여행가자,2
1910,견,2
1911,저두,2
1912,시일,2
1913,주간,2
1914,헬프미,2
1915,팍팍한,2
1916,산책,2
1917,감축,2
1918,힐링하고,2
1919,감옥,2
1920,시어머니,2
1921,황금기,2
1922,조급,2
1923,돼,2
1924,장례식,2
1925,성숙,2
1926,단단,2
1927,상실감,2
1928,우울함,2
1929,감,2
1930,피폐,2
1931,굳굳하,2
1932,아가씨,2
1933,방사선,2
1934,할려,2
1935,자존감,2
1936,하반기,2
1937,동생네,2
1938,위험한,2
1939,무심,2
1940,체코,2
1941,블레드,2
1942,섬,2
1943,눈앞,2
1944,코비드,2
1945,한편,2
1946,이기,2
1947,동료들,2
1948,텔레비젼,2
1949,팔라완,2
1950,간호조무사,2
1951,다음주,2
1952,전세계,2
1953,특,2
1954,황산,2
1955,불덩이,2
1956,신장,2
1957,중환자실,2
1958,투석,2
1959,우여곡절,2
1960,십습니다,2
1961,별,2
1962,결실,2
1963,극성,2
1964,호치민,2
1965,싶습니,2
1966,커젔고,2
1967,속마음,2
1968,초입,2
1969,꿈속,2
1970,씁쓸,2
1971,짝짝짝,2
1972,보련,2
1973,회원님,2
1974,매출도,2
1975,찿,2
1976,마구마구,2
1977,설상가상,2
1978,요양,2
1979,컨디션,2
1980,아니였다,2
1981,잠식,2
1982,프리랜서,2
1983,겨자,2
1984,올봄,2
1985,태교여행,2
1986,실제,2
1987,겸사,2
1988,있을까,2
1989,주년축하드립니다,2
1990,비수,2
1991,우애,2
1992,베이징,2
1993,가보구,2
1994,채택,2
1995,추,2
1996,구입,2
1997,기억할,2
1998,파키스탄,2
1999,와이,2
2000,프랑,2
2001,정상적,2
2002,뱃속,2
2003,됬으,2
2004,갖혀,2
2005,갈증,2
2006,그렇치만,2
2007,핑게,2
2008,발전하시길,2
2009,영국,2
2010,확진,2
2011,친구분,2
2012,극,2
2013,햐,2
2014,왕,2
2015,셋째,2
2016,뭉치,2
2017,형수님,2
2018,나이들,2
2019,기원해,2
2020,여행객들,2
2021,여행객,2
2022,생생,2
2023,바랍,2
2024,동창,2
2025,남유럽,2
2026,고객,2
2027,신세,2
2028,탐방,2
2029,정확,2
2030,시야,2
2031,형태,2
2032,여정,2
2033,하롱베,2
2034,인간,2
2035,ㅡㅡ,2
2036,압박,2
2037,엇는데,2
2038,민족,2
2039,하계,2
2040,규제,2
2041,뇌출혈,2
2042,굴뚝,2
2043,거실,2
2044,삼척,2
2045,안녕하세,2
2046,산티아고,2
2047,순례길,2
2048,포루투,2
2049,작성,2
2050,명대,2
2051,불안정한,2
2052,취득,2
2053,열의,2
2054,봉사활동,2
2055,노인분,2
2056,심각,2
2057,사정상,2
2058,당뇨,2
2059,여년간,2
2060,추카드립니다,2
2061,집합,2
2062,등록금,2
2063,관심사,2
2064,온몸,2
2065,개인사업,2
2066,석양,2
2067,정엄마,2
2068,만료,2
2069,시도,2
2070,ㅠㅜ,2
2071,서방님,2
2072,충실,2
2073,했답니,2
2074,되가,2
2075,우리들,2
2076,휴학,2
2077,원룸,2
2078,잠시,2
2079,징글,2
2080,직장인,2
2081,생소,2
2082,주년생,2
2083,르벨,2
2084,하미,2
2085,없,2
2086,수영장,2
2087,싶습니디,2
2088,금전적,2
2089,전후,2
2090,명분,2
2091,아드님,2
2092,겨울방학,2
2093,땅,2
2094,청명,2
2095,두딸,2
2096,초창기,2
2097,업종,2
2098,오리,2
2099,복직,2
2100,우울한데,2
2101,주주,2
2102,같애요,2
2103,바다보,2
2104,집콕하,2
2105,변변,2
2106,훌륭,2
2107,모텔,2
2108,주년되,2
2109,프로모션,2
2110,마찬가지,2
2111,처음이,2
2112,터미널,2
2113,활주로,2
2114,항,2
2115,종사,2
2116,교체,2
2117,고관절,2
2118,쿠폰,2
2119,바위,2
2120,보고,2
2121,유치원,2
2122,메이트,2
2123,어디갈까,2
2124,동갑,2
2125,개월차,2
2126,날개,2
2127,웅장,2
2128,안나푸르나,2
2129,거대,2
2130,뉴스,2
2131,선언,2
2132,마눌,2
2133,백령,2
2134,막둥,2
2135,생각지,2
2136,이래,2
2137,다음해,2
2138,전문,2
2139,리프레쉬하,2
2140,도래,2
2141,한테,2
2142,주식,2
2143,멘탈,2
2144,꼼짝,2
2145,악화,2
2146,무지,2
2147,핸드폰,2
2148,수리,2
2149,양육,2
2150,제사,2
2151,파랑,2
2152,대박,2
2153,교차,2
2154,아파트,2
2155,짜증,2
2156,규칙,2
2157,사업장,2
2158,푼,2
2159,모시,2
2160,사별,2
2161,부양,2
2162,서길,2
2163,공허,2
2164,여행권,2
2165,대장암,2
2166,생전,2
2167,막내이모,2
2168,역활,2
2169,유일,2
2170,호핑,2
2171,계약금,2
2172,불편,2
2173,신기,2
2174,떡,2
2175,눈동자,2
2176,연습,2
2177,할미,2
2178,고단,2
2179,보렵니,2
2180,요놈,2
2181,시아버지,2
2182,휴직,2
2183,요ㅜㅜ,2
2184,예약해놨는데,2
2185,몽골,2
2186,가려구요,2
2187,집합금지,2
2188,힘내시길,2
2189,어메리칸,2
2190,배우,2
2191,콜롬비아,2
2192,심장마비,2
2193,케어해,2
2194,근심,2
2195,반성,2
2196,파트너,2
2197,고난,2
2198,노래방,2
2199,산굼부리,2
2200,갈대,2
2201,휴일,2
2202,폐암,2
2203,김해공항,2
2204,결심,2
2205,적극,2
2206,실습,2
2207,일념,2
2208,생명,2
2209,업,2
2210,장기여행,2
2211,감당,2
2212,정신력,2
2213,희,2
2214,등등,2
2215,하나님,2
2216,수능생,2
2217,얘기,2
2218,특색,2
2219,국외,2
2220,예순,2
2221,그져,2
2222,소소하,2
2223,라마,2
2224,수고,2
2225,매장,2
2226,제겐,2
2227,픈,2
2228,움직,2
2229,영향력,2
2230,다녀오고픈,2
2231,수요일,2
2232,가구요,2
2233,기억들,2
2234,여성,2
2235,한적,2
2236,문턱,2
2237,쁠,2
2238,희귀병,2
2239,거듭,2
2240,하와,2
2241,지장,2
2242,상반기,2
2243,느슨,2
2244,웨딩,2
2245,추카추카요,2
2246,유럽가,2
2247,육체적,2
2248,무늬,2
2249,치친,2
2250,성년,2
2251,친정맘,2
2252,두루,2
2253,기적,2
2254,태양,2
2255,태국으로,2
2256,모리셔스,2
2257,충격이긴,1
2258,복통,1
2259,담낭,1
2260,절제술,1
2261,담석,1
2262,나왔구요,1
2263,건강상,1
2264,받,1
2265,맛집도,1
2266,빙자,1
2267,식당업,1
2268,경영,1
2269,저축,1
2270,다혈질,1
2271,건설업,1
2272,갑자,1
2273,소리치시,1
2274,폭행,1
2275,의사분,1
2276,계단,1
2277,사고사,1
2278,난생,1
2279,여행하시,1
2280,민주화운동,1
2281,치안,1
2282,불안정,1
2283,봄방학,1
2284,좋아지겠지란,1
2285,미디어,1
2286,보정,1
2287,기술,1
2288,장난,1
2289,깊,1
2290,촬영,1
2291,집들이,1
2292,첫눈,1
2293,이탈리,1
2294,캉,1
2295,동화마을,1
2296,풍경들,1
2297,학창시절,1
2298,문학,1
2299,말았답니,1
2300,노르망디,1
2301,아르,1
2302,꼬뜨,1
2303,쥐르,1
2304,프로방스,1
2305,대명사,1
2306,파리공원,1
2307,잔디,1
2308,국적,1
2309,자체만,1
2310,에펠탑,1
2311,비경들,1
2312,동화,1
2313,유럼,1
2314,중세시대,1
2315,목조,1
2316,초록빛,1
2317,와이너리,1
2318,어린왕자,1
2319,테마파크,1
2320,꽃할배들,1
2321,알자스,1
2322,투명,1
2323,말레이어,1
2324,북서쪽,1
2325,위치한,1
2326,때문이,1
2327,지상낙원,1
2328,절반,1
2329,우기,1
2330,개장,1
2331,노출,1
2332,수질,1
2333,해양,1
2334,생태계,1
2335,모래,1
2336,백사장,1
2337,군락,1
2338,해저,1
2339,협곡,1
2340,신비,1
2341,다이버들,1
2342,동물,1
2343,거북이,1
2344,치룬,1
2345,유람했답니,1
2346,미국은,1
2347,캘리포니아,1
2348,경비행기,1
2349,횡단,1
2350,광경,1
2351,할리우드,1
2352,신상,1
2353,구동성,1
2354,일시적,1
2355,단톡방,1
2356,소재,1
2357,등장,1
2358,블로거입니다,1
2359,블로그라,1
2360,매체,1
2361,활자,1
2362,기본,1
2363,소양,1
2364,인물,1
2365,할애,1
2366,여행요,1
2367,울해,1
2368,만나뵙,1
2369,가까이,1
2370,덕담,1
2371,어버이,1
2372,건강하시,1
2373,울타리,1
2374,올림,1
2375,고급,1
2376,아늑,1
2377,뷰,1
2378,찬란한,1
2379,랜드마크,1
2380,일상속,1
2381,여유로운,1
2382,싶다기분,1
2383,그걸,1
2384,않터라구요,1
2385,빠께서,1
2386,구직,1
2387,송스러운,1
2388,성공해서,1
2389,란도란,1
2390,전세집,1
2391,타령하,1
2392,으쌰했는데,1
2393,서운해,1
2394,억들,1
2395,기저질환자,1
2396,왠일,1
2397,했습니다만,1
2398,재정상,1
2399,사유,1
2400,걱정하실까바,1
2401,상자,1
2402,젓가락,1
2403,해당,1
2404,욕망,1
2405,회색,1
2406,활력에너지,1
2407,충만,1
2408,광활한,1
2409,익스트림,1
2410,액티비티,1
2411,퀸즈타운,1
2412,래프팅,1
2413,카누,1
2414,카와라우,1
2415,지점프,1
2416,오타,1
2417,페달,1
2418,뻔,1
2419,펀펀한,1
2420,되짚어,1
2421,찍,1
2422,누님,1
2423,앞바다,1
2424,감정노동자,1
2425,욕설,1
2426,회의,1
2427,두배,1
2428,격려차,1
2429,내방객들,1
2430,일할게요,1
2431,바랄게요,1
2432,지속적,1
2433,정보들,1
2434,관성적,1
2435,트렌드,1
2436,급급,1
2437,기계적,1
2438,정보채널,1
2439,시너지,1
2440,바탕,1
2441,포근한,1
2442,여섯,1
2443,떠났답,1
2444,출발일,1
2445,생각들,1
2446,이틀째,1
2447,품격,1
2448,공감,1
2449,사랑방,1
2450,절경,1
2451,육안,1
2452,채널들,1
2453,뤘습니다,1
2454,비밀,1
2455,은혜,1
2456,엄미랑,1
2457,힐링도,1
2458,청바지,1
2459,티셔츠,1
2460,놀이동산,1
2461,메신저,1
2462,출근해서,1
2463,성실함,1
2464,부족한데,1
2465,유리공예,1
2466,도시만,1
2467,골목,1
2468,하나하나,1
2469,곤돌라,1
2470,이색적,1
2471,변치,1
2472,연년생,1
2473,문센,1
2474,베이비들,1
2475,속닥속닥,1
2476,웅성웅성거리,1
2477,동남아시,1
2478,내부,1
2479,공무원들,1
2480,박수쳐드리,1
2481,침착,1
2482,생활수칙,1
2483,시민들,1
2484,장기전,1
2485,돌입,1
2486,입장,1
2487,상대적,1
2488,선진,1
2489,의료시스템,1
2490,국민의식,1
2491,심치,1
2492,계속되,1
2493,바다본,1
2494,만년,1
2495,주년이,1
2496,집단,1
2497,면역,1
2498,살림살이,1
2499,희미,1
2500,먼저랄,1
2501,버릇,1
2502,아이스팩,1
2503,벌,1
2504,뵙고,1
2505,웬걸,1
2506,렌트,1
2507,렌트비만,1
2508,눈시울,1
2509,코로나와중,1
2510,안쓰럽,1
2511,등교,1
2512,교,1
2513,성격적,1
2514,버거운,1
2515,천지,1
2516,이러,1
2517,과감,1
2518,되요,1
2519,천년만년,1
2520,청승맞,1
2521,타이베,1
2522,타이베이타워,1
2523,길거리,1
2524,대만,1
2525,두부,1
2526,너무너,1
2527,무너무,1
2528,무발화,1
2529,자폐,1
2530,아동,1
2531,맹렬,1
2532,거부해서,1
2533,키즈카페,1
2534,정보육,1
2535,엄마표,1
2536,감통,1
2537,연구,1
2538,수행,1
2539,식단,1
2540,녹초,1
2541,과자,1
2542,씌워달라,1
2543,청정,1
2544,큰데요,1
2545,콧구멍,1
2546,주세욧,1
2547,다니질,1
2548,욕구,1
2549,안정화,1
2550,생기,1
2551,설렙니,1
2552,하고픈,1
2553,순서,1
2554,유럽부터,1
2555,칸,1
2556,어린애들,1
2557,잔치,1
2558,아드리해,1
2559,진주,1
2560,두브로브니크라,1
2561,부호들,1
2562,별장,1
2563,송,1
2564,주황색,1
2565,지붕,1
2566,건물들,1
2567,불과,1
2568,일상회복,1
2569,거주지역,1
2570,오느날,1
2571,이상했습니다ㅠ,1
2572,호강,1
2573,오븟하,1
2574,주일,1
2575,디자인,1
2576,취준생입니다,1
2577,컴퓨터,1
2578,력서,1
2579,여유돈,1
2580,플랫폼,1
2581,각지,1
2582,고소공포증,1
2583,완쾌하시,1
2584,가득하길,1
2585,되었습니,1
2586,쥬려,1
2587,살난,1
2588,초대장,1
2589,제작,1
2590,간소,1
2591,조만,1
2592,멀리가,1
2593,아일랜드,1
2594,어른들,1
2595,혼란,1
2596,떡볶이,1
2597,구슬땀,1
2598,답답하시,1
2599,면제국,1
2600,접종률,1
2601,트레블,1
2602,아우구스티누스,1
2603,삼,1
2604,캔맥주,1
2605,팝콘,1
2606,리모콘,1
2607,콜라보,1
2608,홈캉스,1
2609,자영업하,1
2610,모토,1
2611,여행들,1
2612,요소,1
2613,훨휠,1
2614,수시,1
2615,월세방,1
2616,이러지,1
2617,저러지,1
2618,가슴앓이,1
2619,고대성당,1
2620,종소리,1
2621,노천카페,1
2622,과시,1
2623,폐,1
2624,십시,1
2625,뻐해주,1
2626,라는데,1
2627,슬픕니,1
2628,차저차,1
2629,름다운,1
2630,무서움,1
2631,싹다,1
2632,던,1
2633,낭만적,1
2634,홈캉스라,1
2635,함꼐,1
2636,선택지,1
2637,처제,1
2638,곅하,1
2639,여행비도마,1
2640,련했는데,1
2641,도코로,1
2642,못했답니,1
2643,보급,1
2644,남쪽,1
2645,히일,1
2646,다자녀,1
2647,공공연하,1
2648,초저출산,1
2649,슬하,1
2650,맏아들,1
2651,다녀왔더랬지요,1
2652,포항까,1
2653,무궁화호,1
2654,청주,1
2655,토박이,1
2656,뭍,1
2657,바닷물,1
2658,이놈,1
2659,고사,1
2660,자처,1
2661,맏이,1
2662,노릇,1
2663,고성군,1
2664,해수욕장,1
2665,제격,1
2666,신림동,1
2667,외무고시,1
2668,빈번,1
2669,재학,1
2670,부전공,1
2671,책상,1
2672,주머니,1
2673,잡자사,1
2674,반가움,1
2675,하이톤,1
2676,단속,1
2677,안부,1
2678,따뜻,1
2679,섬세한,1
2680,변함,1
2681,여가,1
2682,하나씩,1
2683,국제학교,1
2684,준비중,1
2685,애처,1
2686,가능성,1
2687,우울합,1
2688,노노,1
2689,산후,1
2690,증상,1
2691,혼전,1
2692,신세계,1
2693,초대,1
2694,역사적,1
2695,리프레시,1
2696,롱디,1
2697,초보,1
2698,이용해주시길,1
2699,문화유산,1
2700,못갔네요,1
2701,축소,1
2702,지갑,1
2703,두둑,1
2704,아무데,1
2705,있을지요,1
2706,오봇,1
2707,취소금액,1
2708,전액,1
2709,부담한,1
2710,막바지,1
2711,만만세,1
2712,힘들꺼,1
2713,떠날려,1
2714,이맘,1
2715,회복해,1
2716,감정선,1
2717,산토리니,1
2718,이온,1
2719,음료,1
2720,넷,1
2721,맙웠습니다,1
2722,상하,1
2723,헛해지,1
2724,노랑풍선아ㅜ,1
2725,포함해서,1
2726,불연듯,1
2727,젤,1
2728,갈망,1
2729,짦,1
2730,별거,1
2731,신청사연,1
2732,당텀되,1
2733,놀거야,1
2734,심근경색,1
2735,이후론,1
2736,인거,1
2737,응모할,1
2738,명성,1
2739,대학병원,1
2740,단골,1
2741,생각만,1
2742,시간이,1
2743,한정,1
2744,여릉,1
2745,암수술,1
2746,스트네스,1
2747,죄책감,1
2748,동상,1
2749,함암치,1
2750,좋겧습니다,1
2751,탈리아,1
2752,파스타,1
2753,재도전,1
2754,엄청,1
2755,홈,1
2756,클릭해서,1
2757,흐릿,1
2758,쓸모,1
2759,염치불,1
2760,최효선,1
2761,해전,1
2762,절대,1
2763,애기하,1
2764,포기할려,1
2765,존중,1
2766,양보,1
2767,요양보호사,1
2768,담당,1
2769,비상체계,1
2770,중증,1
2771,경증,1
2772,진료,1
2773,의사,1
2774,간호사님,1
2775,목욕,1
2776,양치,1
2777,세수,1
2778,다독여드리,1
2779,전쟁터,1
2780,정글,1
2781,바람씌,1
2782,제목,1
2783,특수,1
2784,마웠습니다,1
2785,슈퍼우먼,1
2786,리하우스,1
2787,디자이너,1
2788,지났는대,1
2789,실측,1
2790,휴식시간,1
2791,월허니문,1
2792,추억이,1
2793,꼭다,1
2794,엄마들,1
2795,자유부인,1
2796,자신만,1
2797,자폐성인,1
2798,때론,1
2799,허다,1
2800,기호,1
2801,에어텔,1
2802,환불해,1
2803,등감,1
2804,번듯,1
2805,휴식해,1
2806,학비,1
2807,빠듯해서,1
2808,봉쇄,1
2809,그다음,1
2810,유럽을,1
2811,휘청,1
2812,할퀴,1
2813,송이,1
2814,토라져,1
2815,베시시,1
2816,중심,1
2817,파고다스트리트,1
2818,가든스바이더베,1
2819,더풀쇼,1
2820,센토사,1
2821,북쪽,1
2822,동물원,1
2823,나이트,1
2824,사파리,1
2825,유명한데,1
2826,안타,1
2827,까워,1
2828,낙심,1
2829,실패한,1
2830,작가,1
2831,펫키지,1
2832,분동안,1
2833,귀경,1
2834,지름길,1
2835,헉헉대,1
2836,주인,1
2837,덜땜,1
2838,지연,1
2839,폭탄,1
2840,아우성,1
2841,바가지,1
2842,으휴,1
2843,억상실,1
2844,변명,1
2845,오지체험,1
2846,잼나,1
2847,보려구요,1
2848,세앙,1
2849,징,1
2850,고맙구요,1
2851,생일잔치,1
2852,초대해,1
2853,노랑뿡선,1
2854,야단,1
2855,서먹해진,1
2856,저희들에,1
2857,일년,1
2858,중거리,1
2859,그룹,1
2860,미서부지역,1
2861,셈,1
2862,마일리지,1
2863,항공기,1
2864,직행함,1
2865,몽쉘미셀부터,1
2866,관통,1
2867,와인,1
2868,음미,1
2869,라트비아,1
2870,조지아,1
2871,스웨덴,1
2872,덴마크,1
2873,북유럽만,1
2874,독특,1
2875,전반,1
2876,범람,1
2877,유명한,1
2878,궁금증,1
2879,이외,1
2880,답,1
2881,맞았느,1
2882,ㅎㅎㅎㅎ,1
2883,인스타랑,1
2884,구독,1
2885,뽐뿌,1
2886,올,1
2887,외여행,1
2888,확,1
2889,했습니,1
2890,여개국,1
2891,조바심,1
2892,최적,1
2893,컨디선,1
2894,습득,1
2895,있습니,1
2896,일자리,1
2897,뒷전,1
2898,앞가림,1
2899,못했,1
2900,힘냅시,1
2901,녹록지,1
2902,병세,1
2903,직업상,1
2904,아이돌보,1
2905,버거웠지,1
2906,대한항공,1
2907,기내식,1
2908,최종,1
2909,보내냈요,1
2910,학교가,1
2911,쓸쓸합니,1
2912,중국인,1
2913,대만인,1
2914,태국인,1
2915,가족만,1
2916,솔직한,1
2917,헀는데,1
2918,젊음,1
2919,생각하시,1
2920,전망,1
2921,종사한,1
2922,영원,1
2923,신체적,1
2924,사소,1
2925,권고사직,1
2926,신규,1
2927,믹,1
2928,계획대로,1
2929,작,1
2930,독신,1
2931,의문,1
2932,스쿠버다이빙,1
2933,으뜸,1
2934,년대,1
2935,반백년,1
2936,맞이하고픈,1
2937,수술한,1
2938,건강하길,1
2939,터키에서,1
2940,샹관안,1
2941,휴향하,1
2942,강조,1
2943,부정적,1
2944,습관,1
2945,답변,1
2946,일화,1
2947,긍정적이길,1
2948,린이집,1
2949,호랑,1
2950,굴,1
2951,사용법,1
2952,도어락,1
2953,공포,1
2954,대단,1
2955,긍정파,1
2956,굉장,1
2957,파이,1
2958,괜,1
2959,미만,1
2960,영원한,1
2961,동지,1
2962,심근경색으,1
2963,산산,1
2964,조각,1
2965,떡해야,1
2966,오열,1
2967,정신과,1
2968,콧물,1
2969,쏟아집니,1
2970,목,1
2971,어떤지,1
2972,월서유럽,1
2973,남해안,1
2974,업계,1
2975,변화도,1
2976,포스트코,1
2977,망가져,1
2978,일과,1
2979,의존,1
2980,잡담,1
2981,격세지감,1
2982,둣한,1
2983,여행사하,1
2984,통영가,1
2985,여유보,1
2986,싶으네요,1
2987,네요ㅠ,1
2988,억합니다,1
2989,김영하,1
2990,작가님,1
2991,녹읍,1
2992,우거진,1
2993,창가,1
2994,민망,1
2995,떠올려보,1
2996,기분이랄까요,1
2997,노년,1
2998,로맨스,1
2999,듯요,1
3000,채무,1
3001,신용불량자,1
3002,패키즈,1
3003,이번ㅇ,1
3004,시한,1
3005,라운딩,1
3006,아소그랑비,1
3007,오키나,1
3008,무료호텔,1
3009,외동딸,1
3010,취직해서,1
3011,음식점,1
3012,일련,1
3013,마음고생,1
3014,타이틀,1
3015,충돌,1
3016,여자아이,1
3017,정기,1
3018,벗,1
3019,뛰어놀,1
3020,지적장애,1
3021,거주시설,1
3022,태금,1
3023,외박,1
3024,기저질환,1
3025,복합장애,1
3026,면역성,1
3027,프,1
3028,로그램,1
3029,부분적,1
3030,전제한,1
3031,이용자분,1
3032,접촉,1
3033,이용자들,1
3034,노랑이,1
3035,동거동락,1
3036,이사하시,1
3037,외딸,1
3038,꺼죠,1
3039,투숙,1
3040,수년간,1
3041,다음달,1
3042,보건소,1
3043,선생님들,1
3044,본연,1
3045,선별검사,1
3046,중풍,1
3047,모르겠,1
3048,초췌,1
3049,애견,1
3050,누므,1
3051,언능가,1
3052,어렵,1
3053,내재,1
3054,대치,1
3055,것이,1
3056,코시국이였습니다,1
3057,싶냐구요,1
3058,타자,1
3059,닐까요,1
3060,부탁합니,1
3061,개봉,1
3062,즐기웠거든,1
3063,네임택,1
3064,악,1
3065,구렁텅이,1
3066,끝날꺼,1
3067,설악밸리,1
3068,깜놀했습니다,1
3069,돌싱맘,1
3070,작당,1
3071,좋아지길,1
3072,번창하세요,1
3073,차래래,1
3074,몆,1
3075,보릿고개,1
3076,대여행,1
3077,다녀습니다,1
3078,않구,1
3079,기억하구,1
3080,인연들,1
3081,맞벌이한다,1
3082,유세,1
3083,보일까봐,1
3084,과일,1
3085,버거워,1
3086,노량풍선,1
3087,생계전선,1
3088,자영업하시,1
3089,단계별,1
3090,행동지침,1
3091,솔선수범,1
3092,사우나,1
3093,창문,1
3094,명절날,1
3095,죄송해서,1
3096,독감,1
3097,링겔,1
3098,칼,1
3099,솥,1
3100,화상,1
3101,막솓아,1
3102,추세인데요,1
3103,가보질,1
3104,운동들,1
3105,창피하긴,1
3106,과외하,1
3107,있어서,1
3108,챙피,1
3109,획득,1
3110,타국,1
3111,아니였으,1
3112,발리에서,1
3113,서핑,1
3114,러웠습니다,1
3115,갈꺼예요,1
3116,지옥,1
3117,이제사,1
3118,순간들,1
3119,준비한,1
3120,가고시펑용,1
3121,경조사,1
3122,유대,1
3123,갗고,1
3124,필요성,1
3125,안내도,1
3126,변덕,1
3127,적합,1
3128,뇌리,1
3129,스치거던,1
3130,대련여행,1
3131,중국이곳저곳,1
3132,대련,1
3133,아둥바둥하,1
3134,가늠,1
3135,벵기,1
3136,메모,1
3137,갈날,1
3138,없잔소,1
3139,각,1
3140,요리,1
3141,추억거리,1
3142,만들날,1
3143,운전,1
3144,커튼,1
3145,스폰지,1
3146,단요,1
3147,여관,1
3148,호수,1
3149,위드코로나,1
3150,녀,1
3151,조해주,1
3152,조건,1
3153,간병하,1
3154,부상,1
3155,중등교사,1
3156,작은딸,1
3157,약사,1
3158,초등교사,1
3159,항존하,1
3160,주합니,1
3161,만추,1
3162,휩쓰,1
3163,언감생신,1
3164,되었읍니다,1
3165,내보았읍니다,1
3166,친에,1
3167,좋겠읍니다,1
3168,뇌염,1
3169,경고,1
3170,학우들,1
3171,국외여행,1
3172,기러기,1
3173,중장년입니다,1
3174,친께서,1
3175,정정,1
3176,경상,1
3177,충청도,1
3178,건승,1
3179,박나시길,1
3180,기원합니,1
3181,김한식,1
3182,배상,1
3183,일상적,1
3184,암초,1
3185,당분간,1
3186,프레져아,1
3187,일랜드에서,1
3188,빈자리,1
3189,알긴,1
3190,보아요,1
3191,조산,1
3192,인큐베이터,1
3193,호흡기,1
3194,흘렀었요,1
3195,모우,1
3196,퇴직위,1
3197,허탈,1
3198,신청함니다,1
3199,햇습니다,1
3200,놀러가자해도,1
3201,계약직,1
3202,스무,1
3203,하는라,1
3204,기숙사,1
3205,성별,1
3206,발레,1
3207,전공,1
3208,공연,1
3209,십여,1
3210,컨셉,1
3211,여햏,1
3212,김,1
3213,게요,1
3214,신랑회사,1
3215,개근,1
3216,마감,1
3217,희노,1
3218,따르이다,1
3219,영업,1
3220,빈곤,1
3221,덧칠,1
3222,프로포즈,1
3223,장년,1
3224,중세,1
3225,요정,1
3226,잘못한,1
3227,의료과학,1
3228,잦아들고,1
3229,쾌청,1
3230,터전,1
3231,직판여행사,1
3232,모닝커피,1
3233,향상,1
3234,넘즐거움,1
3235,결혼해서,1
3236,돈벌,1
3237,어지워,1
3238,골다공증,1
3239,가루,1
3240,삼년,1
3241,손발,1
3242,정언니,1
3243,대신해서,1
3244,병수발,1
3245,고향집,1
3246,단출,1
3247,불편함,1
3248,여수,1
3249,머얼,1
3250,희망퇴직,1
3251,실업급여,1
3252,건실,1
3253,일꾼,1
3254,임무,1
3255,팩,1
3256,응모해봐요,1
3257,짝,1
3258,예약만,1
3259,괴로움,1
3260,군생,1
3261,임관한,1
3262,동기부부들,1
3263,혈액암,1
3264,항암치료,1
3265,머리카락,1
3266,흔치,1
3267,얼마만이냐,1
3268,흐뭇,1
3269,쇠약,1
3270,장기근속,1
3271,요르드,1
3272,비경,1
3273,산타마,1
3274,박물관,1
3275,미술관,1
3276,근런데,1
3277,찾,1
3278,촌,1
3279,몪여,1
3280,벗아나,1
3281,우물,1
3282,개구리,1
3283,버켓,1
3284,남해,1
3285,들러들러,1
3286,물질,1
3287,독립,1
3288,립일,1
3289,한결같길,1
3290,덤프,1
3291,불평,1
3292,골,1
3293,알콩달콩,1
3294,호텔방,1
3295,당근,1
3296,ㅊㅋㅊㅋ,1
3297,여행친구들,1
3298,확실치,1
3299,일행,1
3300,었습니다,1
3301,록,1
3302,합리적,1
3303,공시,1
3304,수능시험,1
3305,키지,1
3306,저가형,1
3307,선입견,1
3308,입시생,1
3309,백프,1
3310,뤄주시길,1
3311,희망함,1
3312,면모,1
3313,견해주,1
3314,거울,1
3315,비추느냐,1
3316,특정,1
3317,가두,1
3318,절대적,1
3319,그름,1
3320,마주한,1
3321,수포,1
3322,조아하는데,1
3323,련지,1
3324,고인,1
3325,힐리하,1
3326,떠면서,1
3327,허리디스크,1
3328,간헐적,1
3329,휴유증,1
3330,헝,1
3331,노련,1
3332,남자분들,1
3333,만류,1
3334,소품,1
3335,의논,1
3336,파아란,1
3337,물고기들,1
3338,진가,1
3339,블루오려,1
3340,물가,1
3341,가봣네요,1
3342,넋,1
3343,좋겟,1
3344,침체,1
3345,준비들,1
3346,사촌,1
3347,전날,1
3348,봅니,1
3349,기사도,1
3350,느낌이었,1
3351,주고픈,1
3352,추억이었답니,1
3353,씨엡립,1
3354,소감,1
3355,와이프하,1
3356,무게,1
3357,유수,1
3358,그나이보다,1
3359,대견,1
3360,밑머리,1
3361,서리,1
3362,마음한,1
3363,하노,1
3364,낭쭉,1
3365,궁둥짝,1
3366,종기,1
3367,메달려,1
3368,흰머리,1
3369,짝꿍,1
3370,본격적,1
3371,별빛,1
3372,안상현,1
3373,집콕이,1
3374,가냐구,1
3375,대기해,1
3376,달째,1
3377,폐렴,1
3378,그때가,1
3379,넘기시길,1
3380,설득해서,1
3381,디시,1
3382,조리,1
3383,힘듦,1
3384,추카,1
3385,금혼식,1
3386,터어키,1
3387,펜대밋,1
3388,겠다,1
3389,인대,1
3390,지팡이,1
3391,세포,1
3392,여ㅜㅜ,1
3393,곳느,1
3394,호털,1
3395,언감생,1
3396,일찌,1
3397,대신,1
3398,덕지입니다,1
3399,재활요양병원,1
3400,임종하셨읍니다,1
3401,못하시,1
3402,영양제,1
3403,결국,1
3404,심정지가,1
3405,임종,1
3406,셧읍니다,1
3407,제임니,1
3408,시름,1
3409,읍니다,1
3410,회비,1
3411,남펀,1
3412,예외,1
3413,공주,1
3414,울딸이랑,1
3415,팍팍하다,1
3416,박완서님,1
3417,스토커,1
3418,몰입,1
3419,이슈,1
3420,톰,1
3421,구저,1
3422,곤,1
3423,코토나,1
3424,어버이날,1
3425,유럽행,1
3426,철저,1
3427,졸업기념,1
3428,케어하느라,1
3429,이제부터,1
3430,심리,1
3431,뒷모습,1
3432,두고픈,1
3433,허리수술,1
3434,후유증,1
3435,청,1
3436,혼미,1
3437,무의미,1
3438,활동적,1
3439,패턴,1
3440,사잔,1
3441,숨결,1
3442,슴쉬는,1
3443,친정와서,1
3444,애아빠랑,1
3445,죽음,1
3446,수렁,1
3447,너자신,1
3448,너우갑갑하,1
3449,힘듬니,1
3450,팍트,1
3451,기회되기,1
3452,비즈니스석,1
3453,쥐나도록,1
3454,공고판,1
3455,두아들에,1
3456,주고프,1
3457,역쉬,1
3458,무개,1
3459,유식,1
3460,전일,1
3461,도전해,1
3462,암진단,1
3463,손자들,1
3464,출동,1
3465,섭섭,1
3466,사항,1
3467,안주,1
3468,초고,1
3469,드릴게요,1
3470,댄스,1
3471,동호회,1
3472,ㅜㅜㅠ,1
3473,면접,1
3474,힘들구ㅠㅠ,1
3475,보충,1
3476,힐링해서,1
3477,천하절경,1
3478,산수여행,1
3479,계산,1
3480,만선산,1
3481,시드,1
3482,백혈병,1
3483,말씀하시,1
3484,남김니다,1
3485,복병,1
3486,부분들,1
3487,성지순례,1
3488,취업기념,1
3489,유능,1
3490,두브로브니크,1
3491,돌아가신,1
3492,념,1
3493,여러분들께,1
3494,용어,1
3495,삭막해,1
3496,형식적,1
3497,형성,1
3498,마주보,1
3499,장기미로그인,1
3500,아이디이,1
3501,요,1
3502,프르른,1
3503,웅장한,1
3504,구경하기,1
3505,버리,1
3506,함니다,1
3507,시장,1
3508,활성화,1
3509,저장,1
3510,내년도,1
3511,과정,1
3512,수료,1
3513,중남미,1
3514,수구러들면,1
3515,면제,1
3516,어럽지만,1
3517,마리,1
3518,애지중지,1
3519,무지개다리,1
3520,쩌,1
3521,떠나보낸,1
3522,기념행사,1
3523,ㅜ고생하,1
3524,신선한,1
3525,자숙,1
3526,위생,1
3527,맟아,1
3528,땡모반,1
3529,그립습,1
3530,직원님,1
3531,음료수,1
3532,숙성,1
3533,이랄까,1
3534,진지,1
3535,시커먼,1
3536,몸살기,1
3537,몸살약,1
3538,추천서,1
3539,하룻,1
3540,ㅇ,1
3541,나룻배,1
3542,하롱뻬,1
3543,하고,1
3544,꺼리,1
3545,진창,1
3546,폼,1
3547,좋,1
3548,아하,1
3549,대부,1
3550,오이,1
3551,낚시터,1
3552,주년축하합니다,1
3553,야생,1
3554,대자연,1
3555,다립니,1
3556,사랑하기,1
3557,추스,1
3558,르,1
3559,소천하,1
3560,두손,1
3561,이버지,1
3562,고아,1
3563,불쌍,1
3564,푸근,1
3565,훗,1
3566,공모,1
3567,장면,1
3568,비행기표,1
3569,고깃집,1
3570,종소상인들,1
3571,치매환지,1
3572,배정,1
3573,검정고시,1
3574,동기부여,1
3575,쓰러워요,1
3576,에메랄,1
3577,발길,1
3578,하루속히코로나,1
3579,이겨냅시,1
3580,화이팅해요,1
3581,돌아오십니,1
3582,선택되길,1
3583,기준,1
3584,친절하시,1
3585,았습니다,1
3586,장담,1
3587,시감,1
3588,순례자,1
3589,있어욬ㅋ,1
3590,여행갔던,1
3591,파열,1
3592,재활치료,1
3593,보시,1
3594,시청,1
3595,재정비,1
3596,차원,1
3597,되밟기,1
3598,디즈,1
3599,뇌성,1
3600,마비,1
3601,전신,1
3602,끅,1
3603,비번,1
3604,요즈음,1
3605,가족관계증명서,1
3606,제출,1
3607,가계,1
3608,가자해,1
3609,풍선이구나,1
3610,퇴직일,1
3611,웠습니다,1
3612,갈날손꼽아,1
3613,지난주,1
3614,황,1
3615,윌,1
3616,열차,1
3617,비행기병,1
3618,무력감마,1
3619,평,1
3620,싸랑합니다,1
3621,시작됐었을쯤,1
3622,연멀,1
3623,조해온,1
3624,모스,1
3625,크바,1
3626,울아들,1
3627,카톡으로만,1
3628,애틀,1
3629,여향,1
3630,회깁,1
3631,아쉬,1
3632,불미,1
3633,입원하시,1
3634,장작,1
3635,수수료,1
3636,격었었네요,1
3637,주년축하합니다코로,1
3638,완,1
3639,죤,1
3640,적합한,1
3641,수요,1
3642,제주도요,1
3643,늘,1
3644,음력,1
3645,생일이,1
3646,칠링,1
3647,비젼,1
3648,다녀오,1
3649,초딩,1
3650,워싱턴,1
3651,프라하로,1
3652,싶읍니,1
3653,발령,1
3654,아프카니스탄,1
3655,이웃나라,1
3656,안전치,1
3657,재회,1
3658,화련태,1
3659,예류공원,1
3660,지우펀,1
3661,스펀등,1
3662,소꿉,1
3663,정어마칠순,1
3664,소너처람,1
3665,회촌,1
3666,긑나,1
3667,노랑퐁,1
3668,축아,1
3669,햔번,1
3670,껄,1
3671,생할,1
3672,ㅅ,1
3673,여행힐링,1
3674,예비맘,1
3675,입덧,1
3676,아메리카로,1
3677,보라카이가이드,1
3678,월리,1
3679,스트로베리,1
3680,호칭,1
3681,긍,1
3682,무미,1
3683,럿게들,1
3684,굴래,1
3685,올림니다,1
3686,김영호,1
3687,맴버,1
3688,박학,1
3689,다식한,1
3690,여행자들,1
3691,흥미,1
3692,지난번,1
3693,던지요,1
3694,각방,1
3695,냉냉한,1
3696,무착륙,1
3697,한반,1
3698,길이길,1
3699,장식,1
3700,급감하,1
3701,임시,1
3702,휴업,1
3703,재기,1
3704,십네요,1
3705,첫사랑,1
3706,컷,1
3707,민,1
3708,드리긴,1
3709,실마리,1
3710,한두,1
3711,이태리,1
3712,아로니아해,1
3713,영업장,1
3714,마어마,1
3715,제주도가,1
3716,코로나땜시,1
3717,편안함,1
3718,나이값,1
3719,호히려,1
3720,서글퍼집니,1
3721,단순,1
3722,앓이,1
3723,강렬,1
3724,스산,1
3725,열병,1
3726,지나가겠지,1
3727,무마,1
3728,봅,1
3729,니닿ㅎ,1
3730,종식되길,1
3731,집콕했는데,1
3732,풍선여,1
3733,태국가,1
3734,전담,1
3735,보건의료직,1
3736,누적,1
3737,친척집,1
3738,토닥토닥,1
3739,부녀,1
3740,노풍,1
3741,고달프,1
3742,금토,1
3743,파트타이머,1
3744,질거,1
3745,기존,1
3746,예약자,1
3747,건,1
3748,그려셨었어요,1
3749,졋을까요,1
3750,발권,1
3751,커플이,1
3752,썸탈,1
3753,타지,1
3754,나서부턴,1
3755,뜸,1
3756,사연적,1
3757,어봐요,1
3758,서프라이즈,1
3759,일생일,1
3760,남편님,1
3761,장암,1
3762,노무,1
3763,고우,1
3764,빙기,1
3765,스케,1
3766,다양한,1
3767,두바,1
3768,진심이,1
3769,로드하,1
3770,체계적,1
3771,얼음,1
3772,화산,1
3773,스코,1
3774,아포스,1
3775,구릉,1
3776,각양각색,1
3777,연출,1
3778,평원,1
3779,빙하호,1
3780,굽굽,1
3781,자곡,1
3782,피오르드,1
3783,들꽃,1
3784,떼,1
3785,양떼들,1
3786,블루라군에서,1
3787,대형마트,1
3788,보너스,1
3789,생필품,1
3790,유제품,1
3791,생선,1
3792,우비,1
3793,아이스크림,1
3794,열렬한,1
3795,정감,1
3796,취준생인데,1
3797,무자식,1
3798,상팔자,1
3799,힐링이란,1
3800,직겨탄,1
3801,활보,1
3802,돌아,1
3803,짜릿짜릿,1
3804,런지요,1
3805,날개짓,1
3806,싱,1
3807,그러운,1
3808,하세,1
3809,허리띠,1
3810,라메,1
3811,줄런지,1
3812,중등임용,1
3813,삼수중,1
3814,면접전,1
3815,힘들텐더,1
3816,사회생활,1
3817,지속도,1
3818,능률,1
3819,가저올,1
3820,ㅡㅡ나이,1
3821,자끈,1
3822,ㅡㅡㅡ이,1
3823,어쩌나요ㅡㅡㅡ,1
3824,ㅠㅇ,1
3825,물놀이,1
3826,형부,1
3827,간암,1
3828,잘견디,1
3829,중고등학교,1
3830,저번,1
3831,가족사랑,1
3832,고상,1
3833,재정,1
3834,가호,1
3835,외로이,1
3836,인스타그램,1
3837,꿋꿋히,1
3838,바텨,1
3839,영산,1
3840,두산,1
3841,됬어요,1
3842,래,1
3843,특수지역,1
3844,요르단,1
3845,이란,1
3846,대안,1
3847,발틱을,1
3848,정상화되,1
3849,하선하,1
3850,서방,1
3851,님,1
3852,풀편해서,1
3853,실지,1
3854,안쓰럽네요,1
3855,코믹,1
3856,방송이,1
3857,점심,1
3858,아직,1
3859,비빔국수,1
3860,겠네요,1
3861,당신들,1
3862,외출자제하자,1
3863,코로나걸리,1
3864,개인위생,1
3865,태굳,1
3866,생각이었구요,1
3867,와이프가,1
3868,셀레임,1
3869,하노이,1
3870,칸쿤,1
3871,오사카,1
3872,였었는데,1
3873,할까,1
3874,장애물,1
3875,이벤트해주,1
3876,나트랑빈펄리조트,1
3877,빈펄리조트,1
3878,모살,1
3879,한번쯤,1
3880,푸르른,1
3881,남기고픈,1
3882,시험공부,1
3883,쏠비치,1
3884,반값,1
3885,승인,1
3886,그렇치,1
3887,찿다,1
3888,숙박할려,1
3889,이루워,1
3890,티켓팅,1
3891,키로,1
3892,기능하시,1
3893,호스텔,1
3894,았어요,1
3895,흥미로운,1
3896,신비한,1
3897,대상,1
3898,사외,1
3899,기자,1
3900,주시길,1
3901,과제,1
3902,자유롭,1
3903,미션,1
3904,제안,1
3905,소문,1
3906,차일피하,1
3907,순주들,1
3908,규제되,1
3909,미치겠나이다,1
3910,해병대,1
3911,광고판,1
3912,사래,1
3913,사람이,1
3914,대출금,1
3915,림,1
3916,입버릇,1
3917,휴가가,1
3918,배앓이,1
3919,자유화,1
3920,자유센타,1
3921,반공교육,1
3922,오늘날,1
3923,갈수업,1
3924,마지막이었내요,1
3925,됐내요,1
3926,거웠던,1
3927,꼽씹고,1
3928,쟁기,1
3929,붇,1
3930,맂니다,1
3931,한국인,1
3932,코카서스,1
3933,뚜벅이고요,1
3934,고지혈증,1
3935,남편분,1
3936,하느,1
3937,왜사냐,1
3938,퇴직기념,1
3939,감금,1
3940,지친고,1
3941,이런지라,1
3942,아른거리,1
3943,원면,1
3944,신뢰도,1
3945,느께지,1
3946,청량한,1
3947,금,1
3948,롸,1
3949,상큼,1
3950,호사,1
3951,료숙박권,1
3952,새혼이었습니다,1
3953,혼여행이었습니다,1
3954,하노이하,1
3955,롱베이,1
3956,과일바구니,1
3957,감사했습니,1
3958,새록,1
3959,천불,1
3960,뚜벅,1
3961,일출,1
3962,맛으,1
3963,벌초,1
3964,외지,1
3965,다치신거,1
3966,벌초대행업체,1
3967,기다리시,1
3968,일이,1
3969,경기도,1
3970,오십니,1
3971,태평양,1
3972,룰,1
3973,늦,1
3974,칠전팔기,1
3975,몸고생,1
3976,비유,1
3977,지향,1
3978,군말,1
3979,지간,1
3980,성수,1
3981,계획이,1
3982,나트랑,1
3983,뻥뻥,1
3984,백수,1
3985,우울한,1
3986,내장,1
3987,주년되었으,1
3988,평탄,1
3989,프네,1
3990,ㅈ내,1
3991,왕따,1
3992,풍선이었구요,1
3993,학교폭력,1
3994,못했읍니다,1
3995,도드립니다,1
3996,회사원,1
3997,키워주,1
3998,넷이,1
3999,친정어머님,1
4000,섯,1
4001,지쳐가네요ㅠ,1
4002,봣는데,1
4003,왔,1
4004,사적,1
4005,꾸욱,1
4006,근한,1
4007,연탄불,1
4008,왠만한,1
4009,생략,1
4010,패스,1
4011,개업,1
4012,근거리,1
4013,오장육부,1
4014,새색시,1
4015,닭살스러운,1
4016,탓다,1
4017,희희,1
4018,낙락하,1
4019,손하트하,1
4020,공인회계사,1
4021,예민,1
4022,짬,1
4023,걱,1
4024,소화,1
4025,불량,1
4026,척,1
4027,퓽선,1
4028,씽,1
4029,담당자님,1
4030,추석인데요,1
4031,너무적적하,1
4032,계신데요,1
4033,있었,1
4034,심금,1
4035,스토리,1
4036,필력,1
4037,강점,1
4038,발병하기,1
4039,출장,1
4040,모범,1
4041,시민,1
4042,틀어박혀,1
4043,근질거리더군,1
4044,필요하시,1
4045,창공,1
4046,밤거리,1
4047,설명,1
4048,간편한,1
4049,해제,1
4050,그러네용,1
4051,어졌습니다,1
4052,갖혀지낸,1
4053,한부모,1
4054,알바비,1
4055,스무살,1
4056,속상합니다ㅠㅠ,1
4057,사귀,1
4058,나이차,1
4059,순수,1
4060,호감,1
4061,재난지원금,1
4062,지급,1
4063,시작하시,1
4064,론,1
4065,여행가본지,1
4066,못해서인지,1
4067,두아들들한테,1
4068,될까봐요,1
4069,두아들들,1
4070,기념여행,1
4071,다녀오겠,1
4072,뉴우질랜드,1
4073,남성,1
4074,호르몬,1
4075,결핍,1
4076,기특,1
4077,기초수급자,1
4078,ㅃ어요,1
4079,주념,1
4080,성행,1
4081,비용적,1
4082,미안하네요ㅠ,1
4083,을지,1
4084,가역,1
4085,전광판,1
4086,견해,1
4087,내시경,1
4088,조직,1
4089,제거,1
4090,슈,1
4091,웅,1
4092,해물,1
4093,라면,1
4094,야경,1
4095,그렇습니,1
4096,서울사,1
4097,중소기업,1
4098,에피소드,1
4099,얘기하자,1
4100,남퍈리랑,1
4101,연락해서,1
4102,쌓자,1
4103,헝가자,1
4104,신병휴가,1
4105,전선,1
4106,반감옥,1
4107,하십쇼,1
4108,환기,1
4109,해오,1
4110,생각해도,1
4111,역병,1
4112,일간,1
4113,하버드,1
4114,나이아가,1
4115,대여섯,1
4116,베트남전,1
4117,참전,1
4118,용사,1
4119,짜증내,1
4120,암흑기,1
4121,다냥,1
4122,조해준,1
4123,뻐,1
4124,발요,1
4125,싱가폴이였숩니,1
4126,였,1
4127,인신아,1
4128,복지관,1
4129,방콕이네요ㅠ,1
4130,여력,1
4131,ㅈㅓㅇ상,1
4132,방출구이,1
4133,에랄드빛,1
4134,해안도로,1
4135,우도,1
4136,첨시켜,1
4137,딸램,1
4138,계회,1
4139,됫으,1
4140,한가한,1
4141,맛집,1
4142,이야깃거리,1
4143,어사,1
4144,친,1
4145,모병원,1
4146,근무환경,1
4147,인력,1
4148,뻐하,1
4149,학느,1
4150,마스키끼,1
4151,장례업,1
4152,지원금,1
4153,무직,1
4154,구절절,1
4155,노량,1
4156,너희,1
4157,부족함,1
4158,그놈,1
4159,댓글,1
4160,페북,1
4161,후년,1
4162,울딸,1
4163,없었릅니다,1
4164,현실점,1
4165,후쿠오카,1
4166,풍선이었내요,1
4167,팔리핀,1
4168,정도록,1
4169,패키징,1
4170,여친한테,1
4171,프로포즈할,1
4172,정답,1
4173,집콕한,1
4174,되가네요,1
4175,동유,1
4176,럽가,1
4177,당처되길,1
4178,모갔네요,1
4179,모레,1
4180,보라카이요,1
4181,축하드랴용,1
4182,상향,1
4183,되었습니다ㅠㅠ,1
4184,불황,1
4185,성업,1
4186,리뉴얼한,1
4187,소길,1
4188,많으세요,1
4189,ㅠ아,1
4190,아자,1
4191,나위,1
4192,기다립니,1
4193,화이팅하세요,1
4194,일본인,1
4195,배웅,1
4196,동거,1
4197,입국길,1
4198,됬고,1
4199,캔슬됬습니다,1
4200,거절,1
4201,심란,1
4202,토잉하시,1
4203,유급휴직,1
4204,한산,1
4205,공,1
4206,종사자,1
4207,찿아오길,1
4208,의료지원,1
4209,열정,1
4210,국민중,1
4211,결론적,1
4212,톨,1
4213,비유해,1
4214,언,1
4215,개최,1
4216,응어리,1
4217,국민분,1
4218,혼하시,1
4219,냉기,1
4220,끌어모으,1
4221,럭셔리함,1
4222,오토바이,1
4223,베프,1
4224,장례식장,1
4225,ㅜㅜㅜ,1
4226,실화,1
4227,명예퇴직하였,1
4228,온식구,1
4229,하반신,1
4230,보호센터,1
4231,공짜,1
4232,벼워지길,1
4233,경찰공무원,1
4234,내조,1
4235,물빛,1
4236,서늘,1
4237,원색,1
4238,텐트,1
4239,냥,1
4240,만만한,1
4241,심리적,1
4242,겠죠,1
4243,거창,1
4244,갈껄,1
4245,행보,1
4246,얼음생수,1
4247,태국행,1
4248,티켓팅한,1
4249,찐팬,1
4250,트로,1
4251,절망적,1
4252,망,1
4253,애정하,1
4254,하시,1
4255,녹색,1
4256,하늘색,1
4257,푸른색,1
4258,즐기,1
4259,다음번,1
4260,초이스,1
4261,호소,1
4262,글구,1
4263,칠순잔치,1
4264,중순,1
4265,올가을,1
4266,노랑풍선이용해서,1
4267,근질,1
4268,근질해요,1
4269,힐링시켜야,1
4270,귀촌하셔서,1
4271,논,1
4272,수원,1
4273,계획했었습니다만,1
4274,열망,1
4275,망쳐놔서,1
4276,싶습니다,1
4277,부동산,1
4278,트레킹,1
4279,산골,1
4280,소년,1
4281,옮길려,1
4282,설득,1
4283,반문,1
4284,압도,1
4285,느,1
4286,셀렘,1
4287,깨달았고,1
4288,동참,1
4289,여신,1
4290,먹먹하더라구,1
4291,가자,1
4292,체결,1
4293,반등하,1
4294,뉴질랜드가,1
4295,암튼,1
4296,공유한,1
4297,흘럿네요,1
4298,넘아,1
4299,안내,1
4300,호응,1
4301,잇슴,1
4302,조켓어요,1
4303,홧팅합니다,1
4304,온다,1
4305,서해,1
4306,낭낭하긴,1
4307,해신,1
4308,몸부림,1
4309,북한,1
4310,어르신,1
4311,잡잡해질까,1
4312,장기적,1
4313,열등감,1
4314,자책감,1
4315,두세,1
4316,매니아,1
4317,드라이브앤리슨,1
4318,노랑풍선가이드님,1
4319,되어지길,1
4320,립니다,1
4321,인상,1
4322,자연경관,1
4323,문화유적들,1
4324,표정,1
4325,억들입니다,1
4326,상상만,1
4327,이륙,1
4328,바라보머,1
4329,상상해,1
4330,피라마을,1
4331,모기업,1
4332,토,1
4333,상담사입니다,1
4334,상담사의,1
4335,외로우,1
4336,근력,1
4337,췌장암,1
4338,고생들,1
4339,가고샆네요,1
4340,싶다하네요,1
4341,참혹하리,1
4342,변경,1
4343,근,1
4344,제주숲길,1
4345,콕행입니다,1
4346,출가,1
4347,욤,1
4348,마음담,1
4349,며느리들,1
4350,제수씨,1
4351,동서간,1
4352,구정,1
4353,동서,1
4354,배트남,1
4355,이행,1
4356,체면,1
4357,올라가길,1
4358,흑흑,1
4359,의료계,1
4360,멤버,1
4361,어떻해든,1
4362,고시픈,1
4363,가고프네요,1
4364,제주섬,1
4365,느기,1
4366,햐외여행,1
4367,좋겠습,1
4368,베낭,1
4369,두바퀴,1
4370,여행코스,1
4371,휠링하,1
4372,압박감,1
4373,생각듭니다,1
4374,휴가객,1
4375,숙박시설,1
4376,로라,1
4377,삼총사들,1
4378,지쳤,1
4379,영혼,1
4380,이탈,1
4381,노인복지시설,1
4382,마찬가지였습니다ㅜ이번,1
4383,호캉스로라,1
4384,고파요ㅠㅠ,1
4385,집콕이네요,1
4386,몃일만이라,1
4387,여행심들죠,1
4388,유품정리,1
4389,마츠야마,1
4390,온천가,1
4391,이사진,1
4392,필순,1
4393,알래스카,1
4394,운영사무국,1
4395,임기,1
4396,하룻밤,1
4397,안달루시아,1
4398,코르도바,1
4399,이슬람식,1
4400,바르셀로나,1
4401,까사밀라,1
4402,아드리아해,1
4403,동로마,1
4404,중심지,1
4405,추억여,1
4406,참고,1
4407,지긋,1
4408,불효녀가,1
4409,시내,1
4410,번창해지길,1
4411,됬는지,1
4412,개월된,1
4413,외손주,1
4414,자유업,1
4415,부정기적,1
4416,꼬꼬마,1
4417,발육,1
4418,체중,1
4419,잠트집,1
4420,느낍니,1
4421,닿ㅎㅎ,1
4422,손주보,1
4423,전까진,1
4424,기뢰,1
4425,분유,1
4426,아주,1
4427,재우,1
4428,숟갈,1
4429,짜투리,1
4430,살구,1
4431,용산,1
4432,어젠,1
4433,난다,1
4434,카페,1
4435,밀합니다,1
4436,장학금,1
4437,열심,1
4438,코디님,1
4439,감사해서,1
4440,됐다,1
4441,서울대,1
4442,칠순셋,1
4443,완료했다시,1
4444,있느냐먀,1
4445,뇌종양,1
4446,대상포진,1
4447,명상,1
4448,ㅇ주년,1
4449,천부탁드립니다,1
4450,저축금,1
4451,델타다,1
4452,학번인데요,1
4453,강의실,1
4454,ㅜㅜ이대,1
4455,학교생활,1
4456,얼,1
4457,중견,1
4458,체감,1
4459,직업군인,1
4460,년차입니다,1
4461,입학식,1
4462,교복,1
4463,이벵,1
4464,안드로메다,1
4465,퐈요,1
4466,기역들,1
4467,행각,1
4468,꼬꼬밥,1
4469,구구구,1
4470,랑호랑,1
4471,영감탱이,1
4472,눈치살피,1
4473,파랑새,1
4474,닉네임,1
4475,풍선당첨,1
4476,공짠,1
4477,귀향,1
4478,랍니,1
4479,영상통화,1
4480,듣,1
4481,마눌님이랑,1
4482,진절머리,1
4483,일엔,1
4484,슬픔,1
4485,희비,1
4486,꿉니,1
4487,힘내시,1
4488,설래,1
4489,자채,1
4490,발샹된,1
4491,고립무원,1
4492,쁘지,1
4493,지명,1
4494,쫑긋,1
4495,역기,1
4496,할배,1
4497,뵙겠습니다,1
4498,몾하,1
4499,막힘니다,1
4500,군대가,1
4501,할매,1
4502,갈거,1
4503,인근,1
4504,설명서,1
4505,출력,1
4506,자료,1
4507,보관,1
4508,먼져,1
4509,봉,1
4510,양하다,1
4511,쭈,1
4512,신라스테이,1
4513,으리라,1
4514,함부,1
4515,평화,1
4516,로움,1
4517,깨달습니다,1
4518,형제들,1
4519,격분한,1
4520,손녀딸,1
4521,상채,1
4522,추가요,1
4523,담비,1
4524,공군,1
4525,폭격탄,1
4526,초큰맘,1
4527,환불받고,1
4528,충전해드,1
4529,정치판이야기,1
4530,짜증니,1
4531,콜,1
4532,아픔니다,1
4533,생활고,1
4534,불근하네요,1
4535,착한동생,1
4536,남짓,1
4537,안겨주길,1
4538,올케,1
4539,휠체어,1
4540,주질,1
4541,심정지로,1
4542,모아놨던,1
4543,동고동락,1
4544,존경,1
4545,살악산,1
4546,등반하,1
4547,명품,1
4548,원드립니다,1
4549,황혼,1
4550,ㄱ여행,1
4551,이런데,1
4552,직원분,1
4553,환갑이,1
4554,간병하느,1
4555,부재,1
4556,기족들,1
4557,읿,1
4558,놓,1
4559,주사,1
4560,안뜨,1
4561,어딘들,1
4562,학하,1
4563,왓어요,1
4564,난,1
4565,코로나시국,1
4566,가보,1
4567,읽어버렸,1
4568,송구,1
4569,조하,1
4570,일주하자,1
4571,무지개,1
4572,언덕,1
4573,검소,1
4574,계획진,1
4575,즤,1
4576,추카드려요,1
4577,보야,1
4578,행뻑한,1
4579,돌아가길,1
4580,팔순이,1
4581,동력,1
4582,깨복쟁,1
4583,부동반하,1
4584,차백신,1
4585,하십시,1
4586,장루,1
4587,복원수술,1
4588,ㅜㅠ,1
4589,귀여움,1
4590,전파,1
4591,마나님,1
4592,순여행,1
4593,먹고살기,1
4594,새끼들,1
4595,그꿈,1
4596,특이한,1
4597,먹구,1
4598,어떻하든,1
4599,롱,1
4600,데이트,1
4601,갈수잇,1
4602,교제,1
4603,넘엇네요,1
4604,바요,1
4605,거지,1
4606,간경회,1
4607,선사해드,1
4608,티,1
4609,말썽꾸러기,1
4610,애완견,1
4611,서류상,1
4612,우리집,1
4613,일원,1
4614,랍니다,1
4615,친근함,1
4616,한참,1
4617,두요,1
4618,어머닝,1
4619,시작해서,1
4620,페이,1
4621,학습,1
4622,밥해데,1
4623,뒷치닥거리하다,1
4624,반납,1
4625,행다니,1
4626,동영상,1
4627,아프네요ㅠ,1
4628,같습니,1
4629,풍요로운,1
4630,관두,1
4631,특가,1
4632,첨가본,1
4633,렜던,1
4634,부실하긴,1
4635,세일링,1
4636,해외여행지,1
4637,반복하시,1
4638,생활하시,1
4639,친정식구들,1
4640,아리송,1
4641,만학,1
4642,희뿌연,1
4643,시루,1
4644,집어쓴,1
4645,사발,1
4646,부엉,1
4647,응시해,1
4648,핏발,1
4649,독수,1
4650,성질,1
4651,여덟,1
4652,꽃술,1
4653,입술,1
4654,달싹,1
4655,꼬맹이,1
4656,장구,1
4657,놓칠세,1
4658,시시,1
4659,풀피리,1
4660,장고한,1
4661,자존심,1
4662,깡통,1
4663,동댕,1
4664,질근,1
4665,채송화,1
4666,스승,1
4667,겸손,1
4668,이쁜스승,1
4669,연올립니,1
4670,르코,1
4671,단독,1
4672,였죠,1
4673,세윌,1
4674,대가장,1
4675,제조회사,1
4676,주욱,1
4677,빅토리아,1
4678,지길,1
4679,우정여행,1
4680,역사학과,1
4681,나왔으,1
4682,난치성,1
4683,희귀질환,1
4684,입퇴원,1
4685,왼쪽,1
4686,눈시신경,1
4687,동갑내기,1
4688,한창,1
4689,단합대회,1
4690,환갑기념,1
4691,장가계,1
4692,분기별,1
4693,됬네요,1
4694,큰아이,1
4695,통했구요,1
4696,혼하지,1
4697,소방공무원,1
4698,응급,1
4699,이송,1
4700,최전선,1
4701,구급,1
4702,대원,1
4703,정돈,1
4704,안심,1
4705,양말,1
4706,황이,1
4707,않네요ㅜㅜ,1
4708,통영,1
4709,끝으,1
4710,밑,1
4711,미한,1
4712,실오라기,1
4713,올림니,1
4714,케어하,1
4715,돼었으,1
4716,코코로나,1
4717,함꼐했던,1
4718,여헁,1
4719,버티시,1
4720,활기,1
4721,햇더,1
4722,유앵,1
4723,갈비뼈,1
4724,의혹,1
4725,코로나쯤,1
4726,학수,1
4727,하루왠,1
4728,종이,1
4729,프라하거리,1
4730,환갑읃,1
4731,당첨기원,1
4732,머랄드빛,1
4733,선셋,1
4734,요트,1
4735,전초전,1
4736,비상,1
4737,싱글맘,1
4738,선물해주시길,1
4739,그립습니다ㅜㅠ,1
4740,숙박업,1
4741,년운여했는데,1
4742,당청되,1
4743,새소되서,1
4744,열시,1
4745,다녀오겠읍니다,1
4746,만들어서인지,1
4747,애요,1
4748,위로해,1
4749,전직원,1
4750,장벽,1
4751,방구석해외여행,1
4752,오래,1
4753,자유인,1
4754,중추,1
4755,직행하셨다,1
4756,유언,1
4757,콧,1
4758,혹,1
4759,수술해,1
4760,금방,1
4761,싶답니,1
4762,당첨되길,1
4763,결귀,1
4764,낭가려,1
4765,있네오,1
4766,미국행,1
4767,풍족,1
4768,이민자,1
4769,혹사,1
4770,민생활,1
4771,제세동기,1
4772,작동,1
4773,틀째,1
4774,접속,1
4775,대견한,1
4776,돼지,1
4777,환경보전,1
4778,가입니다,1
4779,여줄려,1
4780,백신주사,1
4781,응모합니,1
4782,청천벽력,1
4783,기판정,1
4784,장폐색,1
4785,착한신랑,1
4786,여해믈,1
4787,이벤,1
4788,실업,1
4789,직장들,1
4790,솜씨,1
4791,철통,1
4792,방어,1
4793,건건강,1
4794,예비신랑,1
4795,극심한,1
4796,앞섭니,1
4797,전제,1
4798,나라씩,1
4799,진행형,1
4800,시퍼요,1
4801,쒸,1
4802,년반,1
4803,아르헨티나,1
4804,이모님,1
4805,무상감,1
4806,감사드,1
4807,기뻤,1
4808,뇌병변,1
4809,드릴려,1
4810,앞머리,1
4811,첫날,1
4812,산불,1
4813,악재들,1
4814,환상이,1
4815,엄지,1
4816,척이였다,1
4817,수도권,1
4818,동선,1
4819,가능하리,1
4820,활용,1
4821,않하,1
4822,자산관리,1
4823,펜데믹시대,1
4824,장수,1
4825,독서실,1
4826,투자,1
4827,버느린,1
4828,아슴,1
4829,여행사라,1
4830,어디들,1
4831,많들어주,1
4832,대학원,1
4833,조교,1
4834,재직,1
4835,주말만,1
4836,용역,1
4837,있습니다ㅠㅠ,1
4838,결헌,1
4839,싯,1
4840,사위,1
4841,서운함,1
4842,헹,1
4843,시계,1
4844,가까워지길,1
4845,재활병원,1
4846,여든,1
4847,브,1
4848,안길,1
4849,싶습,1
4850,임용고사,1
4851,중등학교,1
4852,샘,1
4853,듬어주지,1
4854,대구,1
4855,부적응,1
4856,신청합니,1
4857,토요일,1
4858,쪽잠자,1
4859,바다보러갑니다,1
4860,균형발전,1
4861,두말,1
4862,자상,1
4863,솔로,1
4864,여행자,1
4865,번가봤으몈좊,1
4866,으련만,1
4867,되었,1
4868,광주,1
4869,경북,1
4870,김천,1
4871,환갑나이,1
4872,보행,1
4873,보조,1
4874,언니들,1
4875,재고,1
4876,풀빌라,1
4877,기다렸쥬,1
4878,보딩,1
4879,체크,1
4880,뱅기,1
4881,안개,1
4882,내놨죠,1
4883,결항,1
4884,면세품,1
4885,반품,1
4886,풀빌리,1
4887,입성해서,1
4888,젯스키,1
4889,있구요,1
4890,어머니모,1
4891,어엿,1
4892,에이스,1
4893,김대,1
4894,합병증,1
4895,지시,1
4896,난달,1
4897,비밀번호,1
4898,안나신다,1
4899,현관문,1
4900,번호,1
4901,장치,1
4902,카드,1
4903,확실,1
4904,판단,1
4905,넉넉치,1
4906,평온,1
4907,감드,1
4908,제주도입니다만,1
4909,세이시,1
4910,조차,1
4911,추천하시,1
4912,뒤바라지,1
4913,복잡,1
4914,망설렸는데,1
4915,헤어디자이너,1
4916,승급,1
4917,꽃길,1
4918,필요해서,1
4919,축구선수,1
4920,운명,1
4921,복작복작하,1
4922,전망대,1
4923,이론,1
4924,실습생,1
4925,쫄다구,1
4926,심부름,1
4927,핀잔,1
4928,애매,1
4929,누명,1
4930,제껏,1
4931,격지,1
4932,생고생,1
4933,끝났다,1
4934,국가고시,1
4935,거요,1
4936,즐겨찾기,1
4937,깃발,1
4938,신문,1
4939,오아시스,1
4940,생명수,1
4941,사막,1
4942,전역하,1
4943,예비엄마,1
4944,에콰도르에서,1
4945,통행금지,1
4946,새생명잉태,1
4947,각고,1
4948,임신부,1
4949,무시,1
4950,무시해서,1
4951,환불,1
4952,일부,1
4953,차접종,1
4954,중이예,1
4955,깊숙,1
4956,산부인과,1
4957,주차,1
4958,아가천사,1
4959,둥이들,1
4960,사업체,1
4961,생년월일,1
4962,기회주시,1
4963,이름만,1
4964,유년,1
4965,복과가방,1
4966,등원,1
4967,노란색,1
4968,브이,1
4969,로드,1
4970,코로,1
4971,스트래스,1
4972,방콕하,1
4973,해외여행상품,1
4974,우리가정,1
4975,해체,1
4976,막내딸들,1
4977,단촐한,1
4978,셋들,1
4979,울딸들,1
4980,쓰담,1
4981,사무,1
4982,예치,1
4983,동계,1
4984,해년,1
4985,신종,1
4986,새해,1
4987,울부부,1
4988,채워지길,1
4989,힐링하려,1
4990,그림,1
4991,모바일,1
4992,박스,1
4993,구가,1
4994,유혹,1
4995,가택연금,1
4996,예신이,1
4997,업체들,1
4998,짜여져,1
4999,결정했답니,1
5000,공교,1
5001,사연상,1
5002,햇볕,1
5003,워홀,1
5004,전쟁,1
5005,끈기,1
5006,각각,1
5007,방식,1
5008,승화,1
5009,술,1
5010,운전수,1
5011,왓습니다,1
5012,불편해,1
5013,졋는데,1
5014,두다리,1
5015,갇네요,1
5016,혼인신고,1
5017,초혼,1
5018,사포,1
5019,결혼식장,1
5020,예식장,1
5021,떠뜻한,1
5022,돠,1
5023,인정,1
5024,아이들하,1
5025,호기심,1
5026,묶였,1
5027,청각,1
5028,순응,1
5029,느께,1
5030,녹록치,1
5031,박수쳐,1
5032,이웃,1
5033,딘,1
5034,보헤미안,1
5035,장사거게땜에어딜,1
5036,만사,1
5037,불발,1
5038,욕심일까나요,1
5039,무심하시,1
5040,직자,1
5041,열려지길,1
5042,질풍노도,1
5043,저항,1
5044,수능일,1
5045,아자아자,1
5046,서른아흡,1
5047,아이엠에프,1
5048,운전면허증,1
5049,예신,1
5050,헌생일,1
5051,셏어,1
5052,쓰나미,1
5053,감정들,1
5054,이나라,1
5055,몸살,1
5056,였다,1
5057,교환학생,1
5058,생각인데요,1
5059,주어졌,1
5060,판매,1
5061,필코,1
5062,패키,1
5063,서너번,1
5064,맹세,1
5065,백두산,1
5066,틈틈히,1
5067,당선,1
5068,연하,1
5069,저렴허,1
5070,사회복지학과,1
5071,축하겸하,1
5072,모로코,1
5073,바로셀로나,1
5074,피켓,1
5075,전기,1
5076,직격탄,1
5077,재충전할,1
5078,재충,1
5079,계획하구,1
5080,그날만,1
5081,달살,1
5082,구석구석,1
5083,용두암,1
5084,심쿵했습니다,1
5085,견더,1
5086,육하,1
5087,출퇴근,1
5088,시간씩,1
5089,특수가정,1
5090,나열,1
5091,교육,1
5092,다니거,1
5093,살아볼려,1
5094,다컷,1
5095,늦둥이랑,1
5096,떠오릅니,1
5097,주가,1
5098,이태원,1
5099,크록스점,1
5100,폐점,1
5101,권리금,1
5102,환수하,1
5103,대남매,1
5104,경로,1
5105,바런,1
5106,가능시,1
5107,국경,1
5108,단,1
5109,연계해,1
5110,프라하등,1
5111,지나가길,1
5112,접종했고,1
5113,여름휴,1
5114,해볼려,1
5115,힐링해,1
5116,보통,1
5117,영,1
5118,렌트할,1
5119,도둑,1
5120,위반,1
5121,벌금,1
5122,두바이,1
5123,분수대,1
5124,톡보내주,1
5125,정상,1
5126,세간,1
5127,여행사업계,1
5128,마이한,1
5129,경의,1
5130,이미지,1
5131,보유,1
5132,비루,1
5133,생기길,1
5134,상담사,1
5135,당첨돼,1
5136,여인,1
5137,월경,1
5138,온전,1
5139,울산,1
5140,아벤트,1
5141,창업,1
5142,밴트로,1
5143,않응채,1
5144,기억되길,1
5145,일주일,1
5146,여행했답니,1
5147,환갑어서,1
5148,울름,1
5149,싶노랑,1
5150,스케줄,1
5151,체력적,1
5152,딜,1
5153,분포,1
5154,개학,1
5155,화장실,1
5156,식탁,1
5157,새소리,1
5158,빗소리,1
5159,누렸습,1
5160,보물,1
5161,경력단절,1
5162,우려,1
5163,싸이트,1
5164,격언,1
5165,적용,1
5166,미루렵니다,1
5167,장미,1
5168,그대,1
5169,노랫말,1
5170,거대한,1
5171,장막,1
5172,두아이들,1
5173,잡,1
5174,노력하시,1
5175,겠지요,1
5176,여항,1
5177,인류,1
5178,발상,1
5179,저요,1
5180,방전,1
5181,폭팔할,1
5182,고고씽,1
5183,이루어지길,1
5184,여행광,1
5185,중상,1
5186,아른,1
5187,사이판가서,1
5188,아저씨,1
5189,생활쓰레기,1
5190,분리수거,1
5191,여행이냐,1
5192,청량제,1
5193,몰려다니,1
5194,자고,1
5195,된다,1
5196,줍니다,1
5197,머지않,1
5198,주문,1
5199,불편하시,1
5200,룬지,1
5201,남매둥이,1
5202,녀오,1
5203,햇지만,1
5204,새내기,1
5205,려운,1
5206,방콕만,1
5207,줄발,1
5208,대해,1
5209,괜스레,1
5210,간병,1
5211,거래,1
5212,뭐래,1
5213,별명,1
5214,돌방구,1
5215,재방송,1
5216,아니깐,1
5217,세상일,1
5218,하라시,1
5219,넘버,1
5220,미서부,1
5221,해보,1
5222,전무후무,1
5223,알프스,1
5224,아프리카까,1
5225,킬로,1
5226,이상씩,1
5227,지구별,1
5228,근간,1
5229,건장,1
5230,유지해,1
5231,감사힙니다,1
5232,호텔호캉스,1
5233,화목,1
5234,삭막,1
5235,자영,1
5236,업자,1
5237,폽아주시,1
5238,쌓구,1
5239,두저에,1
5240,휴가차,1
5241,티비볼,1
5242,충동,1
5243,코로나인해,1
5244,고고통,1
5245,손짖,1
5246,짝지,1
5247,그렇구,1
5248,당첨됨,1
5249,생일선물,1
5250,결홀,1
5251,뜯,1
5252,꺼예요,1
5253,왔길레,1
5254,노동,1
5255,친정부모님,1
5256,뼈져리,1
5257,스스로,1
5258,가려린,1
5259,역력함,1
5260,뵙,1
5261,형용,1
5262,고령,1
5263,염려해서,1
5264,차일피,1
5265,장보,1
5266,먼역력,1
5267,장본거,1
5268,엘보,1
5269,유발,1
5270,못하구,1
5271,엉망이구요,1
5272,배달,1
5273,질리구,1
5274,변비,1
5275,변비약,1
5276,운동장,1
5277,상경,1
5278,궁합,1
5279,육식,1
5280,파인데요,1
5281,드렁커,1
5282,응겹실,1
5283,새신랑,1
5284,맞겠,1
5285,지요,1
5286,신혼부부들,1
5287,만족해,1
5288,아무대,1
5289,애용합,1
5290,고십다,1
5291,일집일집,1
5292,단풍시즌,1
5293,잠해지겠죠,1
5294,단풍,1
5295,복합부위,1
5296,증후군,1
5297,배우자분,1
5298,화이티,1
5299,하시구,1
5300,감사드립니,1
5301,로그,1
5302,속도상하,1
5303,바람쏘,1
5304,있내요,1
5305,경유,1
5306,노선,1
5307,됄까,1
5308,동유럽이랑,1
5309,리릭,1
5310,두리,1
5311,얻어먹고,1
5312,열씸히,1
5313,살앟구,1
5314,코시,1
5315,허무한,1
5316,마음이,1
5317,몆자,1
5318,당첨복,1
5319,지리,1
5320,착잡,1
5321,대책,1
5322,괜찮아질런,1
5323,잡긴,1
5324,너무,1
5325,낭여행,1
5326,마음울적,1
5327,뚜벅인데,1
5328,두글,1
5329,시험관아기,1
5330,딸래미에,1
5331,선물주,1
5332,병원체,1
5333,외국여행,1
5334,개탄,1
5335,절차,1
5336,세상사,1
5337,명퇴한,1
5338,교환,1
5339,한국에서,1
5340,마찮가지,1
5341,다시피,1
5342,악세사리,1
5343,취급,1
5344,느긋,1
5345,싶십니,1
5346,남녀노소,1
5347,구분,1
5348,위낙,1
5349,고협압,1
5350,기능,1
5351,저하,1
5352,하빈기,1
5353,전세,1
5354,모임하,1
5355,아이스란드,1
5356,십어요,1
5357,미주,1
5358,감량,1
5359,온천여행,1
5360,노천온천,1
5361,산세,1
5362,유행,1
5363,것이었습,1
5364,중요하다,1
5365,세미팩,1
5366,양해,1
5367,선명,1
5368,부산지사,1
5369,화사,1
5370,말단,1
5371,부장님,1
5372,재주,1
5373,지금까,1
5374,플라멩코,1
5375,그릴,1
5376,가고파요,1
5377,새생명이,1
5378,해외가,1
5379,무사해서,1
5380,롯데호텔,1
5381,싯점,1
5382,라오,1
5383,했읍니다,1
5384,ㅈ,1
5385,뻥,1
5386,탈진,1
5387,엉덩이,1
5388,쥐,1
5389,개인,1
5390,입금,1
5391,반랍니다,1
5392,싶습니다ㅠㅠ,1
5393,년여,1
5394,책임감,1
5395,허전함,1
5396,저곳,1
5397,웃,1
5398,리마인드,1
5399,비명,1
5400,나오길,1
5401,베,1
5402,징동계올림픽,1
5403,다녓,1
5404,우율해요,1
5405,갓다,1
5406,퓰리,1
5407,조앗는데,1
5408,왓,1
5409,컨싱턴,1
5410,행운당첨,1
5411,발표날,1
5412,여행사으부터,1
5413,인솔,1
5414,기역,1
5415,노랑우산,1
5416,ㅠ놔두,1
5417,ㅠ매,1
5418,기대되요,1
5419,리가족,1
5420,그것들,1
5421,감사합,1
5422,가족애,1
5423,구속,1
5424,샆어요,1
5425,여드름,1
5426,수험생들,1
5427,이팅,1
5428,부사관,1
5429,입교,1
5430,구름,1
5431,선별,1
5432,진료소,1
5433,파견,1
5434,방호복,1
5435,자부심,1
5436,전하길,1
5437,재충전하러,1
5438,슷한데,1
5439,대박나시,1
5440,퐈이팅,1
5441,선배들,1
5442,년차입니,1
5443,아이들어렸,1
5444,갑상선암,1
5445,이코시국,1
5446,일취월장,1
5447,전반기,1
5448,승리,1
5449,무리해서,1
5450,의식주,1
5451,관대,1
5452,퍅퍅함,1
5453,점철,1
5454,이제까지,1
5455,외동아들,1
5456,짠하,1
5457,운영하시,1
5458,전국여행,1
5459,갔,1
5460,노인정,1
5461,풍년,1
5462,명문대,1
5463,협의,1
5464,캠퍼스,1
5465,민폐,1
5466,떠나보냈고,1
5467,자주뵙,1
5468,기둘려,1
5469,산재,1
5470,재활기간,1
5471,아메리카,1
5472,비행,1
5473,고햤는데,1
5474,방콕한,1
5475,고군분투,1
5476,주년생일입니다,1
5477,생파,1
5478,합니,1
5479,순례,1
5480,빗길,1
5481,화물차,1
5482,상대,1
5483,과실,1
5484,영업용,1
5485,개인사업자,1
5486,할증,1
5487,반신욕,1
5488,근육,1
5489,두통,1
5490,숙,1
5491,무지무지,1
5492,무산되었,1
5493,당첨되기,1
5494,노화,1
5495,교훈,1
5496,전성기,1
5497,순천,1
5498,목포,1
5499,평창,1
5500,륵,1
5501,되엇으,1
5502,끝판왕,1
5503,퇴임,1
5504,포르투칼,1
5505,로마,1
5506,어게인,1
5507,교단,1
5508,크루저,1
5509,유랍,1
5510,모나코,1
5511,주년된,1
5512,여년째,1
5513,부득이,1
5514,혼사,1
5515,얼릉,1
5516,해결되서,1
5517,슈타트,1
5518,아동들,1
5519,하루들,1
5520,미춰버리,1
5521,소띠,1
5522,공경,1
5523,명퇴,1
5524,후퇴직,1
5525,군다나,1
5526,질환,1
5527,디론,1
5528,구미,1
5529,오픈했든데,1
5530,정아범님,1
5531,믓하,1
5532,온가족,1
5533,정부모,1
5534,심장판막,1
5535,친정아버지,1
5536,하루가,1
5537,해외여행국,1
5538,노하우,1
5539,노랑풍선하,1
5540,능,1
5541,가고시포요,1
5542,무릅,1
5543,흔적,1
5544,추가,1
5545,생길거,1
5546,포스트,1
5547,안타깝습,1
5548,빕니,1
5549,만나보,1
5550,있슴,1
5551,냄세라,1
5552,뇌질환,1
5553,설날,1
5554,입직,1
5555,가고프,1
5556,일치,1
5557,날아오르,1
5558,목회비,1
5559,씁니,1
5560,여햄,1
5561,예정일,1
5562,남깁,1
5563,기간제,1
5564,연장,1
5565,어떨지,1
5566,완료자,1
5567,장첨됐으,1
5568,아토피,1
5569,노크하렵니,1
5570,절친,1
5571,고등칭구,1
5572,햇어요,1
5573,엄마랍다,1
5574,납시,1
5575,추카추카,1
5576,샹테베테르,1
5577,브르크,1
5578,이용할게요,1
5579,무궁발전기,1
5580,싱글,1
5581,알았습,1
5582,공통,1
5583,두근두근,1
5584,그분,1
5585,예약해놨,1
5586,바다놀,1
5587,정도이니깐,1
5588,셋다,1
5589,고집,1
5590,거니깐,1
5591,투닥거리면서,1
5592,풍경보고,1
5593,모녀만,1
5594,경축,1
5595,저것,1
5596,대만입니,1
5597,풍산,1
5598,윤,1
5599,아이셋,1
5600,마눌님,1
5601,육아휴직,1
5602,악조건,1
5603,휴직기간,1
5604,제빵,1
5605,등록,1
5606,복직해서,1
5607,다가오길,1
5608,인가,1
5609,이용해,1
5610,민갔습니다,1
